Order ID,Order Date,Amount,Profit,Quantity,Category,Sub-Category,PaymentMode,,
B-25681,10-03-2018,1096,658,7,Electronics,Electronic Games,COD,,
B-26055,03-02-2018,5729,64,14,Furniture,Chairs,EMI,,
B-25955,24-01-2018,2927,146,8,Furniture,Bookcases,EMI,,
B-26093,27-12-2018,2847,712,8,Electronics,Printers,Credit Card,,
B-25602,21-08-2018,2617,1151,4,Electronics,Phones,Credit Card,,
B-25881,21-01-2018,2244,247,4,Clothing,Trousers,Credit Card,,
B-25696,16-01-2018,275,-275,4,Clothing,Saree,COD,,
B-25687,27-03-2018,387,-213,5,Clothing,Saree,UPI,,
B-25643,01-10-2018,50,-44,2,Clothing,Hankerchief,UPI,,
B-25851,01-04-2018,135,-54,5,Clothing,Kurti,COD,,
B-25703,13-11-2018,231,-190,9,Clothing,Hankerchief,COD,,
B-25887,21-01-2018,2125,-234,6,Electronics,Printers,EMI,,
B-25923,30-03-2018,3873,-891,6,Electronics,Phones,Credit Card,,
B-25756,04-02-2018,729,-492,5,Furniture,Bookcases,UPI,,
B-25761,25-11-2018,2188,1050,5,Furniture,Bookcases,Credit Card,,
B-25655,25-08-2018,6,-3,1,Clothing,Hankerchief,UPI,,
B-25786,01-12-2018,1854,433,5,Furniture,Bookcases,Credit Card,,
B-26095,18-10-2018,6,1,1,Clothing,Kurti,UPI,,
B-25853,08-11-2018,2093,721,5,Furniture,Chairs,Credit Card,,
B-25735,15-11-2018,7,-1,2,Clothing,Skirt,UPI,,
B-25910,26-10-2018,1622,-624,5,Furniture,Tables,Credit Card,,
B-25950,19-09-2018,1622,95,5,Electronics,Printers,Credit Card,,
B-25744,11-06-2018,373,254,6,Electronics,Printers,UPI,,
B-25845,18-02-2018,82,-33,4,Clothing,Kurti,COD,,
B-26001,08-02-2018,8,2,2,Clothing,Skirt,UPI,,
B-25830,19-08-2018,1954,782,3,Electronics,Phones,Credit Card,,
B-25842,10-12-2018,1543,370,8,Electronics,Printers,Credit Card,,
B-25778,04-01-2018,1506,-266,6,Electronics,Printers,Credit Card,,
B-25686,30-09-2018,1829,-56,6,Furniture,Tables,Credit Card,,
B-25754,27-04-2018,9,-1,3,Clothing,Skirt,UPI,,
B-26048,04-06-2018,1461,202,5,Furniture,Tables,EMI,,
B-25816,13-12-2018,391,113,8,Clothing,Stole,COD,,
B-26022,14-12-2018,1824,1303,8,Electronics,Phones,Credit Card,,
B-25883,13-01-2018,16,-15,4,Clothing,Hankerchief,UPI,,
B-26003,12-04-2018,1745,122,2,Furniture,Tables,Credit Card,,
B-26097,23-12-2018,663,-212,5,Electronics,Printers,UPI,,
B-25710,01-09-2018,10,-1,1,Clothing,Leggings,UPI,,
B-25797,24-04-2018,1630,802,5,Furniture,Tables,EMI,,
B-25618,22-07-2018,12,0,2,Clothing,Hankerchief,UPI,,
B-25723,09-01-2018,12,-7,2,Clothing,Leggings,UPI,,
B-25755,02-11-2018,1709,564,3,Clothing,Trousers,Credit Card,,
B-25788,21-03-2018,12,3,1,Clothing,Stole,UPI,,
B-25681,11-09-2018,1625,-77,3,Electronics,Phones,EMI,,
B-25991,12-07-2018,13,5,2,Clothing,Hankerchief,UPI,,
B-25779,26-03-2018,1361,980,3,Furniture,Tables,COD,,
B-25909,04-03-2018,1622,-448,3,Electronics,Phones,EMI,,
B-25943,24-09-2018,1547,340,6,Electronics,Accessories,EMI,,
B-25935,11-05-2018,1657,460,4,Furniture,Chairs,Credit Card,,
B-25613,08-04-2018,1603,0,9,Clothing,Saree,Credit Card,,
B-25729,14-08-2018,1549,-439,4,Electronics,Phones,Credit Card,,
B-25772,12-09-2018,1183,106,4,Electronics,Printers,EMI,,
B-25655,03-04-2018,74,-123,8,Clothing,Skirt,UPI,,
B-25640,07-03-2018,1499,239,13,Clothing,Saree,Credit Card,,
B-25810,08-05-2018,1120,199,6,Clothing,Saree,EMI,,
B-25801,08-11-2018,15,-2,1,Clothing,T-shirt,Debit Card,,
B-26085,26-08-2018,1487,624,3,Clothing,Trousers,Credit Card,,
B-25868,04-02-2018,1118,206,2,Furniture,Tables,Credit Card,,
B-25714,02-01-2018,11,-5,2,Clothing,Hankerchief,COD,,
B-25784,09-02-2018,15,4,1,Clothing,Hankerchief,Debit Card,,
B-25608,22-06-2018,1364,1864,5,Furniture,Tables,Credit Card,,
B-26051,29-10-2018,1337,147,7,Electronics,Printers,Credit Card,,
B-25900,01-04-2018,15,2,1,Clothing,Leggings,Debit Card,,
B-25760,23-11-2018,322,-193,5,Electronics,Printers,UPI,,
B-25762,20-02-2018,1316,527,7,Electronics,Electronic Games,Credit Card,,
B-25995,20-01-2018,1314,342,3,Furniture,Bookcases,Credit Card,,
B-25965,01-06-2018,17,7,3,Clothing,Hankerchief,Debit Card,,
B-25967,30-10-2018,17,2,2,Clothing,Skirt,Debit Card,,
B-25674,04-12-2018,17,-12,5,Clothing,Skirt,Debit Card,,
B-25929,29-12-2018,1308,536,3,Furniture,Bookcases,Credit Card,,
B-25777,14-01-2018,1076,-38,4,Electronics,Printers,Credit Card,,
B-26006,02-09-2018,1301,573,5,Electronics,Accessories,Credit Card,,
B-25697,18-01-2018,1300,-16,8,Electronics,Printers,Credit Card,,
B-25667,22-07-2018,11,-2,4,Clothing,Hankerchief,COD,,
B-25836,24-11-2018,1298,65,9,Electronics,Printers,EMI,,
B-25984,16-03-2018,304,97,6,Clothing,Stole,UPI,,
B-25728,10-10-2018,1055,264,4,Electronics,Printers,EMI,,
B-25757,18-11-2018,17,-13,4,Clothing,Skirt,Debit Card,,
B-25957,19-02-2018,147,73,3,Clothing,Stole,COD,,
B-26061,23-04-2018,965,-68,3,Electronics,Printers,COD,,
B-25735,05-01-2018,12,-2,3,Clothing,Hankerchief,COD,,
B-25616,09-04-2018,14,-2,3,Clothing,Hankerchief,UPI,,
B-25666,10-09-2018,934,-916,7,Electronics,Electronic Games,COD,,
B-25675,02-08-2018,929,-93,9,Clothing,Saree,COD,,
B-26079,27-01-2018,18,3,2,Clothing,Hankerchief,Debit Card,,
B-25850,29-04-2018,916,192,11,Electronics,Phones,COD,,
B-25693,22-07-2018,76,-72,9,Clothing,Hankerchief,COD,,
B-25852,13-08-2018,869,67,4,Furniture,Tables,COD,,
B-25860,23-05-2018,112,24,3,Clothing,Kurti,COD,,
B-25853,13-05-2018,39,16,6,Clothing,Skirt,UPI,,
B-25898,17-08-2018,857,-274,2,Furniture,Tables,COD,,
B-26100,14-03-2018,828,230,2,Furniture,Chairs,COD,,
B-25653,29-10-2018,1279,-640,8,Electronics,Printers,EMI,,
B-25839,27-06-2018,1250,486,7,Clothing,Saree,EMI,,
B-25651,13-01-2018,823,-18,7,Furniture,Chairs,COD,,
B-25957,22-05-2018,1157,-13,9,Furniture,Bookcases,Credit Card,,
B-25704,31-05-2018,126,-63,3,Electronics,Accessories,UPI,,
B-25730,06-05-2018,1145,-706,3,Electronics,Phones,Credit Card,,
B-26052,31-01-2018,774,170,3,Electronics,Accessories,COD,,
B-25656,05-11-2018,24,-1,2,Clothing,Hankerchief,COD,,
B-26033,07-12-2018,774,170,3,Electronics,Accessories,COD,,
B-25850,10-10-2018,93,-1,2,Clothing,Hankerchief,COD,,
B-25945,21-10-2018,765,-36,3,Electronics,Electronic Games,COD,,
B-26086,14-01-2018,762,101,6,Electronics,Printers,COD,,
B-25752,21-06-2018,761,266,9,Electronics,Electronic Games,COD,,
B-26098,26-04-2018,96,-48,5,Clothing,Leggings,UPI,,
B-26067,11-08-2018,1137,-14,7,Electronics,Printers,EMI,,
B-25730,10-12-2018,18,8,2,Clothing,Hankerchief,Debit Card,,
B-25986,07-11-2018,749,-307,7,Furniture,Furnishings,COD,,
B-26067,28-01-2018,1120,199,6,Clothing,Saree,EMI,,
B-25953,08-12-2018,744,119,6,Electronics,Printers,COD,,
B-25952,20-11-2018,14,0,4,Clothing,Hankerchief,UPI,,
B-25903,26-02-2018,19,8,2,Clothing,Hankerchief,Debit Card,,
B-25650,27-05-2018,512,-225,5,Clothing,Saree,COD,,
B-25970,31-03-2018,742,198,2,Furniture,Bookcases,COD,,
B-26062,07-05-2018,44,-40,3,Clothing,Stole,COD,,
B-25643,21-01-2018,1061,-36,8,Furniture,Bookcases,EMI,,
B-25632,15-02-2018,19,-2,2,Clothing,Leggings,Debit Card,,
B-25821,20-05-2018,17,0,1,Clothing,Hankerchief,COD,,
B-25878,22-02-2018,741,267,5,Furniture,Bookcases,COD,,
B-25752,08-03-2018,735,-235,6,Electronics,Printers,COD,,
B-25750,05-02-2018,19,-1,1,Clothing,Shirt,Debit Card,,
B-25657,14-09-2018,1021,-48,4,Electronics,Electronic Games,EMI,,
B-25787,28-08-2018,556,-209,7,Clothing,Saree,COD,,
B-25808,05-10-2018,63,-17,6,Clothing,Leggings,COD,,
B-25885,11-01-2018,734,248,2,Furniture,Chairs,COD,,
B-25778,26-03-2018,933,166,5,Clothing,Saree,Credit Card,,
B-25759,03-11-2018,20,-9,6,Clothing,Hankerchief,Debit Card,,
B-25747,13-10-2018,877,395,2,Furniture,Bookcases,Credit Card,,
B-25878,13-01-2018,719,303,6,Furniture,Chairs,COD,,
B-25603,22-01-2018,12,1,2,Clothing,Hankerchief,COD,,
B-25691,24-11-2018,714,56,4,Clothing,Saree,COD,,
B-25607,10-03-2018,50,-15,4,Clothing,Leggings,COD,,
B-25708,28-11-2018,709,-100,5,Electronics,Phones,COD,,
B-26021,06-12-2018,21,-12,3,Clothing,Hankerchief,Debit Card,,
B-25831,20-08-2018,693,254,6,Clothing,Saree,COD,,
B-25850,14-11-2018,24,1,4,Clothing,Hankerchief,COD,,
B-25670,16-06-2018,24,1,2,Clothing,Hankerchief,UPI,,
B-25852,26-04-2018,24,1,2,Clothing,Hankerchief,COD,,
B-26029,01-07-2018,21,10,1,Clothing,T-shirt,Debit Card,,
B-25959,27-10-2018,681,259,4,Furniture,Chairs,COD,,
B-25676,10-11-2018,674,-187,2,Furniture,Tables,COD,,
B-26097,04-12-2018,671,-309,5,Electronics,Electronic Games,COD,,
B-25888,18-01-2018,646,-213,3,Electronics,Electronic Games,COD,,
B-25911,06-02-2018,40,15,1,Clothing,Kurti,COD,,
B-25662,28-03-2018,24,-2,2,Clothing,T-shirt,COD,,
B-25950,09-08-2018,644,167,2,Electronics,Printers,COD,,
B-25847,25-01-2018,643,225,2,Electronics,Printers,COD,,
B-25796,25-05-2018,632,-316,6,Clothing,Saree,COD,,
B-25693,03-11-2018,632,316,6,Clothing,Saree,COD,,
B-25993,02-12-2018,610,208,3,Electronics,Printers,COD,,
B-26052,08-01-2018,78,-28,6,Clothing,Kurti,UPI,,
B-25930,03-11-2018,595,119,4,Furniture,Bookcases,COD,,
B-25785,26-04-2018,595,292,3,Clothing,Saree,COD,,
B-26093,22-10-2018,852,51,5,Furniture,Bookcases,Credit Card,,
B-26053,22-03-2018,594,89,3,Furniture,Bookcases,COD,,
B-26019,23-04-2018,585,175,13,Clothing,T-shirt,COD,,
B-26070,05-10-2018,582,262,5,Furniture,Furnishings,COD,,
B-25870,18-06-2018,845,84,7,Clothing,Saree,Credit Card,,
B-25855,24-09-2018,829,19,4,Electronics,Printers,Credit Card,,
B-25602,06-10-2018,561,212,3,Clothing,Saree,COD,,
B-25728,05-07-2018,771,-424,2,Electronics,Phones,Credit Card,,
B-25803,25-05-2018,765,8,6,Clothing,Saree,EMI,,
B-25996,10-11-2018,31,2,2,Clothing,Hankerchief,COD,,
B-26078,15-09-2018,557,-111,2,Electronics,Electronic Games,COD,,
B-25803,03-01-2018,757,371,2,Electronics,Printers,Credit Card,,
B-25682,09-03-2018,545,-73,11,Electronics,Phones,COD,,
B-25749,18-03-2018,1052,-82,3,Furniture,Bookcases,UPI,,
B-25962,24-09-2018,544,-152,3,Furniture,Bookcases,COD,,
B-25899,30-01-2018,22,9,2,Clothing,Leggings,Debit Card,,
B-25845,27-01-2018,757,371,2,Electronics,Printers,Credit Card,,
B-25951,10-03-2018,742,198,2,Furniture,Bookcases,Credit Card,,
B-25828,22-03-2018,537,107,3,Clothing,Saree,COD,,
B-25803,20-09-2018,536,91,1,Clothing,Trousers,COD,,
B-25656,07-06-2018,6,3,1,Clothing,Hankerchief,COD,,
B-25681,19-01-2018,523,204,7,Clothing,Trousers,COD,,
B-25658,14-08-2018,27,9,2,Clothing,T-shirt,UPI,,
B-25698,24-10-2018,516,392,8,Furniture,Chairs,COD,,
B-25832,22-04-2018,504,116,3,Furniture,Bookcases,COD,,
B-25886,14-08-2018,502,84,4,Electronics,Phones,COD,,
B-25897,10-06-2018,734,213,6,Electronics,Electronic Games,Credit Card,,
B-25873,11-02-2018,42,12,2,Clothing,Kurti,COD,,
B-25858,23-02-2018,29,11,4,Clothing,Skirt,COD,,
B-25867,23-06-2018,240,12,6,Clothing,Kurti,UPI,,
B-25633,21-01-2018,496,-79,2,Clothing,Trousers,COD,,
B-25609,28-10-2018,485,29,4,Electronics,Electronic Games,COD,,
B-25896,07-08-2018,31,-11,3,Clothing,Skirt,UPI,,
B-26000,28-11-2018,676,151,3,Electronics,Printers,Credit Card,,
B-25959,25-01-2018,23,8,2,Clothing,Hankerchief,Debit Card,,
B-25940,29-03-2018,13,3,2,Clothing,Hankerchief,COD,,
B-26087,13-04-2018,180,0,8,Clothing,Stole,COD,,
B-26055,21-07-2018,671,114,9,Electronics,Phones,Credit Card,,
B-25980,06-03-2018,22,11,3,Clothing,Kurti,COD,,
B-25653,09-04-2018,668,-31,3,Electronics,Printers,Credit Card,,
B-26052,03-08-2018,145,0,3,Clothing,Saree,UPI,,
B-25877,17-01-2018,24,8,2,Clothing,Skirt,Debit Card,,
B-25608,14-06-2018,476,0,3,Furniture,Chairs,COD,,
B-25897,05-01-2018,24,11,5,Clothing,Hankerchief,Debit Card,,
B-25881,04-12-2018,37,3,3,Clothing,Hankerchief,COD,,
B-25905,10-10-2018,152,50,6,Clothing,Stole,UPI,,
B-25818,12-07-2018,32,11,2,Clothing,Leggings,UPI,,
B-25835,18-12-2018,52,11,5,Clothing,Leggings,COD,,
B-26081,10-12-2018,24,11,3,Clothing,Hankerchief,Debit Card,,
B-25730,28-03-2018,473,42,4,Furniture,Chairs,COD,,
B-25837,10-05-2018,263,50,5,Clothing,Stole,COD,,
B-25893,21-03-2018,61,11,3,Clothing,Kurti,COD,,
B-25689,18-01-2018,469,-459,3,Electronics,Electronic Games,COD,,
B-26028,08-11-2018,1272,547,2,Electronics,Phones,COD,,
B-26081,28-04-2018,169,0,3,Electronics,Accessories,COD,,
B-25903,08-06-2018,25,11,3,Clothing,Leggings,Debit Card,,
B-25651,14-02-2018,457,-41,4,Clothing,Saree,COD,,
B-25903,23-02-2018,455,77,8,Electronics,Accessories,COD,,
B-26086,10-03-2018,25,2,2,Clothing,Hankerchief,Debit Card,,
B-25654,15-10-2018,450,-90,3,Electronics,Printers,COD,,
B-25720,10-07-2018,30,-35,1,Furniture,Chairs,COD,,
B-26057,04-01-2018,659,-37,2,Furniture,Bookcases,Credit Card,,
B-25798,13-02-2018,448,148,2,Electronics,Printers,COD,,
B-25961,11-05-2018,446,53,3,Electronics,Printers,COD,,
B-25701,12-10-2018,98,-45,2,Furniture,Chairs,UPI,,
B-26055,26-04-2018,443,11,1,Clothing,Saree,COD,,
B-25653,04-12-2018,427,-50,7,Electronics,Phones,COD,,
B-25670,11-06-2018,656,-36,2,Furniture,Bookcases,Credit Card,,
B-26056,17-05-2018,424,161,2,Clothing,Saree,COD,,
B-26061,26-04-2018,27,8,2,Clothing,T-shirt,Debit Card,,
B-25602,13-03-2018,424,-272,5,Electronics,Phones,COD,,
B-26016,03-03-2018,202,4,4,Clothing,Hankerchief,COD,,
B-25873,02-09-2018,1275,357,2,Electronics,Phones,UPI,,
B-25761,08-08-2018,418,70,7,Electronics,Phones,COD,,
B-25819,18-04-2018,417,49,3,Electronics,Electronic Games,COD,,
B-25853,18-01-2018,199,48,4,Clothing,Stole,UPI,,
B-25662,02-09-2018,385,-77,11,Furniture,Furnishings,UPI,,
B-25993,18-04-2018,414,199,3,Electronics,Phones,COD,,
B-25703,11-06-2018,97,-45,4,Clothing,Saree,COD,,
B-25848,25-10-2018,648,50,6,Electronics,Electronic Games,Credit Card,,
B-25678,23-02-2018,27,-25,2,Clothing,Shirt,Debit Card,,
B-25925,09-07-2018,27,12,1,Clothing,Stole,Debit Card,,
B-25977,01-02-2018,27,1,1,Clothing,Stole,UPI,,
B-25797,04-11-2018,413,-314,9,Furniture,Chairs,COD,,
B-26067,06-11-2018,53,2,4,Clothing,Hankerchief,COD,,
B-25810,15-09-2018,29,8,5,Clothing,Hankerchief,UPI,,
B-25648,20-04-2018,30,13,1,Clothing,T-shirt,UPI,,
B-25933,04-02-2018,412,412,6,Clothing,Saree,COD,,
B-25942,03-06-2018,646,-23,2,Electronics,Printers,Credit Card,,
B-25656,22-07-2018,30,-5,5,Clothing,Stole,UPI,,
B-26067,14-02-2018,618,27,4,Furniture,Bookcases,Credit Card,,
B-25673,24-08-2018,143,-124,5,Clothing,Saree,UPI,,
B-25797,05-10-2018,31,1,2,Clothing,Hankerchief,UPI,,
B-26098,18-08-2018,409,86,3,Clothing,Saree,COD,,
B-25656,16-02-2018,406,126,2,Clothing,Saree,COD,,
B-25791,27-04-2018,565,66,7,Clothing,Saree,Credit Card,,
B-26053,22-09-2018,85,2,6,Clothing,Stole,COD,,
B-25983,20-03-2018,561,118,5,Furniture,Bookcases,Credit Card,,
B-25743,09-02-2018,503,-56,2,Clothing,Trousers,COD,,
B-25867,26-03-2018,31,14,3,Clothing,Stole,UPI,,
B-25973,17-04-2018,398,111,8,Clothing,Hankerchief,COD,,
B-25895,30-01-2018,388,93,2,Furniture,Bookcases,COD,,
B-26003,31-08-2018,498,-116,4,Clothing,Saree,UPI,,
B-25717,31-01-2018,561,212,3,Clothing,Saree,Credit Card,,
B-26064,31-10-2018,61,3,4,Clothing,Hankerchief,COD,,
B-25630,19-05-2018,34,-22,4,Clothing,T-shirt,COD,,
B-26050,21-02-2018,32,6,3,Clothing,Shirt,UPI,,
B-25786,13-01-2018,623,-192,3,Furniture,Tables,UPI,,
B-26035,05-12-2018,520,151,3,Electronics,Phones,Credit Card,,
B-25693,10-02-2018,32,-16,6,Clothing,Saree,UPI,,
B-25703,24-11-2018,32,-5,5,Clothing,Hankerchief,UPI,,
B-25966,19-12-2018,510,234,6,Electronics,Electronic Games,EMI,,
B-26060,24-09-2018,382,68,3,Clothing,Saree,COD,,
B-25898,08-02-2018,33,13,3,Clothing,Leggings,UPI,,
B-25686,01-05-2018,381,-13,2,Clothing,Saree,COD,,
B-26051,29-10-2018,490,88,2,Electronics,Accessories,EMI,,
B-25854,12-04-2018,381,144,2,Clothing,Saree,COD,,
B-26050,10-10-2018,487,143,4,Electronics,Phones,EMI,,
B-25961,03-11-2018,366,84,3,Furniture,Bookcases,COD,,
B-25701,19-02-2018,33,-29,3,Clothing,Shirt,UPI,,
B-25970,06-09-2018,365,107,3,Electronics,Phones,COD,,
B-25933,24-11-2018,207,-100,2,Clothing,Saree,UPI,,
B-26081,16-05-2018,359,-338,5,Furniture,Bookcases,COD,,
B-25650,22-12-2018,351,-47,8,Electronics,Phones,COD,,
B-25850,22-01-2018,485,199,4,Clothing,Saree,EMI,,
B-25643,15-03-2018,37,-23,4,Clothing,Shirt,UPI,,
B-26100,17-11-2018,34,10,2,Clothing,T-shirt,Debit Card,,
B-25964,28-06-2018,346,108,3,Furniture,Chairs,COD,,
B-25676,17-05-2018,342,-103,4,Electronics,Electronic Games,COD,,
B-25628,12-08-2018,35,-8,2,Furniture,Furnishings,Debit Card,,
B-25891,30-08-2018,121,41,4,Clothing,Stole,UPI,,
B-25903,15-11-2018,336,57,2,Electronics,Phones,COD,,
B-25851,11-03-2018,336,71,3,Furniture,Bookcases,COD,,
B-26089,08-10-2018,27,4,1,Clothing,Hankerchief,COD,,
B-25996,09-12-2018,333,50,2,Electronics,Phones,COD,,
B-25881,25-03-2018,36,7,3,Clothing,Leggings,Debit Card,,
B-25621,08-05-2018,333,-15,3,Electronics,Phones,COD,,
B-25727,09-02-2018,327,114,4,Clothing,Trousers,COD,,
B-25843,01-10-2018,18,6,3,Clothing,Hankerchief,UPI,,
B-26050,31-12-2018,325,32,7,Clothing,T-shirt,COD,,
B-25741,31-01-2018,482,-6,7,Electronics,Electronic Games,EMI,,
B-25756,03-02-2018,465,-33,4,Electronics,Phones,EMI,,
B-25787,20-04-2018,40,-12,3,Clothing,Shirt,COD,,
B-25603,07-07-2018,107,36,6,Clothing,Stole,COD,,
B-25655,25-01-2018,312,-312,7,Furniture,Chairs,COD,,
B-26096,16-03-2018,451,25,3,Electronics,Phones,EMI,,
B-25962,16-07-2018,312,62,1,Electronics,Electronic Games,COD,,
B-26007,15-11-2018,311,72,2,Furniture,Bookcases,COD,,
B-26088,03-02-2018,11,5,2,Clothing,Hankerchief,UPI,,
B-25673,01-08-2018,37,-5,3,Clothing,T-shirt,Debit Card,,
B-25664,01-03-2018,444,-200,4,Electronics,Phones,EMI,,
B-25642,27-01-2018,434,26,11,Clothing,Shirt,Credit Card,,
B-25987,12-12-2018,299,0,6,Clothing,Stole,COD,,
B-25903,07-01-2018,37,17,3,Clothing,Hankerchief,Debit Card,,
B-25770,24-09-2018,299,113,2,Furniture,Bookcases,COD,,
B-25840,27-02-2018,298,74,2,Furniture,Bookcases,COD,,
B-25846,18-06-2018,94,7,7,Clothing,Leggings,UPI,,
B-25745,18-01-2018,296,225,11,Clothing,Saree,COD,,
B-26073,23-02-2018,37,17,3,Clothing,Hankerchief,Debit Card,,
B-26030,25-12-2018,291,93,2,Electronics,Printers,COD,,
B-25678,10-01-2018,327,-39,1,Electronics,Phones,COD,,
B-26035,19-07-2018,291,119,11,Clothing,Saree,COD,,
B-25896,19-02-2018,287,-66,6,Clothing,Kurti,COD,,
B-25989,18-06-2018,42,15,1,Electronics,Accessories,UPI,,
B-26016,21-05-2018,429,61,3,Electronics,Electronic Games,Credit Card,,
B-26009,08-02-2018,285,128,2,Electronics,Printers,COD,,
B-25915,11-04-2018,277,3,1,Electronics,Electronic Games,COD,,
B-25845,10-12-2018,274,-7,4,Electronics,Phones,COD,,
B-25645,22-04-2018,273,-87,4,Electronics,Phones,COD,,
B-25803,08-07-2018,269,91,1,Electronics,Electronic Games,COD,,
B-26030,27-03-2018,11,5,1,Clothing,Skirt,COD,,
B-25955,03-04-2018,39,2,2,Clothing,Saree,Debit Card,,
B-26096,23-10-2018,264,-26,3,Clothing,Trousers,COD,,
B-25635,29-10-2018,40,16,3,Clothing,Hankerchief,Debit Card,,
B-26038,19-02-2018,41,19,2,Clothing,T-shirt,Debit Card,,
B-25791,09-10-2018,253,-63,2,Clothing,Saree,UPI,,
B-26014,11-12-2018,406,97,7,Furniture,Chairs,Credit Card,,
B-25751,13-01-2018,32,7,3,Clothing,Hankerchief,COD,,
B-25962,27-03-2018,260,68,2,Electronics,Printers,COD,,
B-26025,13-01-2018,41,19,5,Clothing,Hankerchief,Debit Card,,
B-26048,07-02-2018,401,13,6,Furniture,Chairs,Credit Card,,
B-25635,02-09-2018,382,30,3,Clothing,Saree,Credit Card,,
B-25981,15-05-2018,867,251,5,Electronics,Phones,COD,,
B-25610,28-12-2018,43,0,3,Clothing,Saree,Debit Card,,
B-25733,27-11-2018,43,-43,7,Clothing,Stole,Debit Card,,
B-25977,12-01-2018,74,29,3,Clothing,Stole,COD,,
B-25655,16-03-2018,44,-26,3,Clothing,Hankerchief,Debit Card,,
B-25612,24-03-2018,259,-55,2,Furniture,Chairs,COD,,
B-25608,20-07-2018,257,23,5,Clothing,Hankerchief,COD,,
B-25752,24-04-2018,76,27,5,Clothing,Stole,COD,,
B-25700,28-05-2018,44,-32,3,Clothing,Stole,Debit Card,,
B-25856,17-06-2018,257,3,2,Clothing,Saree,COD,,
B-26026,03-02-2018,255,76,9,Clothing,Hankerchief,COD,,
B-25861,29-08-2018,44,14,3,Clothing,Hankerchief,Debit Card,,
B-25673,04-12-2018,45,-2,4,Clothing,Shirt,COD,,
B-25681,26-03-2018,44,-3,1,Clothing,Saree,Debit Card,,
B-26051,13-09-2018,382,119,2,Clothing,Saree,Credit Card,,
B-25951,09-06-2018,250,100,3,Clothing,Trousers,COD,,
B-25799,03-08-2018,45,-15,2,Furniture,Chairs,COD,,
B-26053,26-07-2018,246,61,2,Furniture,Bookcases,COD,,
B-26030,04-05-2018,50,25,5,Clothing,Stole,COD,,
B-26054,24-02-2018,246,98,5,Clothing,Hankerchief,COD,,
B-25696,25-06-2018,44,99,3,Clothing,Kurti,Debit Card,,
B-25660,14-02-2018,245,-78,3,Clothing,Saree,COD,,
B-25858,29-06-2018,245,30,2,Clothing,Saree,COD,,
B-26045,10-10-2018,376,0,7,Clothing,Stole,Credit Card,,
B-25850,16-10-2018,45,1,3,Clothing,T-shirt,Debit Card,,
B-25781,24-11-2018,45,-28,2,Clothing,Stole,Debit Card,,
B-25918,24-05-2018,244,-122,5,Furniture,Furnishings,COD,,
B-25971,01-10-2018,244,83,2,Furniture,Bookcases,COD,,
B-25870,01-01-2018,10,4,1,Clothing,Kurti,UPI,,
B-25770,17-02-2018,375,180,3,Furniture,Bookcases,Credit Card,,
B-25757,16-03-2018,46,14,5,Clothing,Skirt,Debit Card,,
B-25699,26-11-2018,49,-31,2,Clothing,Stole,UPI,,
B-25776,04-12-2018,47,-20,2,Clothing,Kurti,Debit Card,,
B-25893,16-10-2018,355,-114,7,Clothing,Stole,Credit Card,,
B-25985,03-12-2018,32,8,5,Clothing,Hankerchief,UPI,,
B-25681,21-11-2018,243,-14,2,Furniture,Chairs,COD,,
B-26063,26-04-2018,241,-77,4,Electronics,Electronic Games,COD,,
B-26032,15-04-2018,47,15,5,Clothing,Saree,Debit Card,,
B-26001,23-01-2018,50,-10,6,Clothing,Skirt,Debit Card,,
B-26056,05-10-2018,15,6,2,Clothing,Hankerchief,COD,,
B-25850,15-11-2018,148,24,3,Clothing,Stole,COD,,
B-25767,22-03-2018,299,-28,3,Electronics,Electronic Games,UPI,,
B-25693,07-10-2018,68,-30,1,Electronics,Phones,UPI,,
B-25850,29-07-2018,52,18,5,Clothing,Leggings,Debit Card,,
B-25796,24-11-2018,239,-162,5,Furniture,Chairs,COD,,
B-26053,04-01-2018,27,6,3,Clothing,Skirt,COD,,
B-25650,17-12-2018,238,20,2,Clothing,Saree,COD,,
B-25961,16-12-2018,48,16,3,Clothing,Shirt,COD,,
B-26023,20-10-2018,66,22,3,Clothing,Stole,UPI,,
B-25809,06-07-2018,53,24,1,Clothing,Hankerchief,Debit Card,,
B-25621,15-11-2018,233,-10,5,Electronics,Electronic Games,COD,,
B-25854,21-12-2018,53,-2,3,Clothing,Saree,Debit Card,,
B-26057,05-03-2018,54,8,4,Clothing,T-shirt,Debit Card,,
B-25688,24-12-2018,352,-345,5,Clothing,Saree,Credit Card,,
B-25885,24-06-2018,349,0,7,Clothing,Stole,Credit Card,,
B-25753,30-07-2018,341,-85,6,Clothing,Trousers,Credit Card,,
B-25981,26-06-2018,54,12,3,Clothing,Saree,Debit Card,,
B-26055,27-03-2018,57,7,2,Clothing,Shirt,UPI,,
B-25714,23-03-2018,340,20,7,Clothing,Shirt,Credit Card,,
B-26055,14-10-2018,227,48,5,Clothing,Stole,COD,,
B-25989,03-11-2018,330,81,1,Furniture,Bookcases,Credit Card,,
B-25710,12-02-2018,216,-38,6,Furniture,Furnishings,UPI,,
B-25773,24-04-2018,224,-143,3,Furniture,Chairs,COD,,
B-25661,06-04-2018,55,-33,2,Furniture,Chairs,Debit Card,,
B-26021,10-08-2018,49,21,1,Clothing,Stole,UPI,,
B-26057,08-02-2018,224,87,3,Clothing,Trousers,COD,,
B-25858,03-11-2018,223,27,2,Furniture,Bookcases,COD,,
B-25857,19-11-2018,324,39,8,Electronics,Accessories,Credit Card,,
B-25656,16-03-2018,56,18,2,Clothing,Hankerchief,Debit Card,,
B-25999,15-11-2018,223,62,7,Clothing,Shirt,COD,,
B-25856,25-02-2018,10,2,2,Clothing,Skirt,COD,,
B-25926,20-12-2018,57,6,5,Clothing,Leggings,Debit Card,,
B-25728,27-03-2018,322,-113,4,Clothing,Saree,Credit Card,,
B-26076,31-01-2018,219,4,2,Clothing,Saree,COD,,
B-25913,11-12-2018,103,21,7,Clothing,Stole,UPI,,
B-25703,14-02-2018,47,-27,4,Clothing,Saree,COD,,
B-25858,30-04-2018,219,0,1,Clothing,Saree,COD,,
B-25727,04-06-2018,57,-48,6,Clothing,Leggings,Debit Card,,
B-26020,18-07-2018,319,102,6,Electronics,Accessories,Credit Card,,
B-26003,05-04-2018,315,-8,3,Furniture,Chairs,Credit Card,,
B-25925,24-09-2018,314,-41,3,Electronics,Electronic Games,Credit Card,,
B-26087,04-06-2018,311,40,1,Electronics,Electronic Games,EMI,,
B-25810,04-01-2018,307,74,3,Electronics,Accessories,EMI,,
B-25858,04-01-2018,294,109,7,Electronics,Accessories,EMI,,
B-25861,02-02-2018,216,-83,3,Electronics,Electronic Games,COD,,
B-25661,15-04-2018,58,-42,2,Furniture,Chairs,Debit Card,,
B-25943,22-02-2018,48,20,4,Clothing,Stole,UPI,,
B-25955,01-10-2018,54,14,3,Clothing,T-shirt,UPI,,
B-26051,29-10-2018,216,50,4,Clothing,Stole,COD,,
B-25999,22-03-2018,215,-30,2,Clothing,Saree,COD,,
B-26083,05-01-2018,43,8,3,Clothing,Leggings,COD,,
B-25950,05-01-2018,136,-33,5,Clothing,Saree,COD,,
B-25625,11-07-2018,59,-30,3,Clothing,Leggings,Debit Card,,
B-26055,03-08-2018,213,4,14,Clothing,Shirt,COD,,
B-26023,27-08-2018,59,21,2,Clothing,Stole,Debit Card,,
B-26010,22-11-2018,55,3,3,Clothing,T-shirt,COD,,
B-25955,24-11-2018,294,62,9,Clothing,T-shirt,EMI,,
B-25900,30-12-2018,210,62,2,Electronics,Phones,COD,,
B-26089,21-03-2018,59,24,6,Clothing,Kurti,Debit Card,,
B-25655,23-04-2018,396,-31,9,Clothing,Saree,COD,,
B-25979,06-01-2018,284,45,2,Furniture,Bookcases,EMI,,
B-26002,04-03-2018,276,52,5,Clothing,Saree,EMI,,
B-25635,17-03-2018,23,2,2,Clothing,Skirt,UPI,,
B-26084,20-02-2018,209,-63,4,Electronics,Electronic Games,COD,,
B-25998,19-01-2018,50,-28,5,Furniture,Furnishings,COD,,
B-25872,26-12-2018,57,27,2,Clothing,Shirt,COD,,
B-25795,16-11-2018,276,-21,2,Electronics,Phones,EMI,,
B-25902,06-04-2018,268,6,2,Furniture,Bookcases,UPI,,
B-25650,08-09-2018,269,111,3,Clothing,Trousers,EMI,,
B-25957,04-02-2018,209,2,1,Clothing,Saree,COD,,
B-25793,15-03-2018,60,-12,4,Clothing,Hankerchief,Debit Card,,
B-25654,17-07-2018,269,-86,2,Electronics,Electronic Games,EMI,,
B-25750,09-09-2018,208,-25,2,Clothing,Saree,COD,,
B-25835,22-02-2018,27,2,2,Clothing,Leggings,UPI,,
B-25652,30-06-2018,206,-206,3,Clothing,Saree,COD,,
B-26018,24-04-2018,61,8,4,Clothing,Hankerchief,Debit Card,,
B-25750,28-07-2018,212,-24,2,Furniture,Chairs,COD,,
B-25840,03-05-2018,262,64,6,Clothing,Saree,EMI,,
B-25756,23-09-2018,204,276,3,Furniture,Bookcases,COD,,
B-25777,01-07-2018,59,-46,7,Clothing,T-shirt,UPI,,
B-25750,15-12-2018,199,-18,2,Clothing,Saree,COD,,
B-25823,07-09-2018,59,6,1,Electronics,Accessories,UPI,,
B-26096,28-02-2018,45,9,3,Clothing,Leggings,UPI,,
B-25757,10-10-2018,211,19,8,Clothing,Stole,COD,,
B-25698,18-10-2018,65,-16,2,Electronics,Phones,Debit Card,,
B-25710,21-03-2018,25,0,4,Clothing,Skirt,UPI,,
B-25994,15-09-2018,196,-7,5,Electronics,Phones,COD,,
B-25950,04-03-2018,261,13,6,Clothing,Shirt,Credit Card,,
B-25653,15-06-2018,195,-117,5,Electronics,Phones,COD,,
B-25785,01-07-2018,192,-146,3,Clothing,Saree,COD,,
B-25863,31-07-2018,189,87,7,Clothing,Stole,COD,,
B-25959,15-07-2018,32,2,2,Clothing,Kurti,UPI,,
B-25991,11-12-2018,188,13,7,Clothing,Shirt,COD,,
B-25680,12-07-2018,73,-25,3,Clothing,Saree,COD,,
B-25910,13-02-2018,259,47,5,Clothing,Hankerchief,Credit Card,,
B-25737,02-03-2018,187,-15,3,Clothing,Trousers,COD,,
B-25853,05-05-2018,26,11,2,Clothing,Hankerchief,UPI,,
B-26097,14-05-2018,185,-26,6,Furniture,Chairs,COD,,
B-25875,28-05-2018,248,8,2,Clothing,Saree,Credit Card,,
B-26031,22-04-2018,67,9,4,Clothing,Leggings,Debit Card,,
B-25773,28-11-2018,248,-70,3,Furniture,Chairs,Credit Card,,
B-25840,27-04-2018,246,61,2,Furniture,Bookcases,Credit Card,,
B-25908,01-11-2018,179,-25,5,Clothing,Kurti,COD,,
B-26041,27-01-2018,176,-28,5,Furniture,Furnishings,COD,,
B-26010,13-02-2018,176,-13,5,Furniture,Furnishings,COD,,
B-25640,20-02-2018,68,-62,2,Clothing,Trousers,Debit Card,,
B-25794,19-03-2018,176,37,6,Electronics,Accessories,COD,,
B-25987,01-05-2018,88,11,7,Clothing,Hankerchief,UPI,,
B-25615,02-06-2018,68,20,5,Clothing,Hankerchief,Debit Card,,
B-25997,23-08-2018,231,99,2,Electronics,Electronic Games,Credit Card,,
B-25981,12-03-2018,62,8,2,Clothing,T-shirt,UPI,,
B-25791,25-04-2018,175,77,3,Clothing,Saree,COD,,
B-25986,22-03-2018,71,4,5,Clothing,Leggings,Debit Card,,
B-25652,28-05-2018,174,-70,3,Electronics,Accessories,COD,,
B-25952,21-01-2018,173,69,3,Furniture,Chairs,COD,,
B-25898,27-07-2018,171,2,2,Electronics,Electronic Games,COD,,
B-25785,29-10-2018,268,-25,3,Clothing,Saree,COD,,
B-25990,15-09-2018,71,32,3,Clothing,Saree,Debit Card,,
B-26091,29-01-2018,29,10,4,Clothing,Hankerchief,UPI,,
B-25604,21-09-2018,65,17,2,Clothing,T-shirt,UPI,,
B-25754,03-08-2018,72,-46,7,Clothing,Kurti,Debit Card,,
B-25724,26-03-2018,168,-51,2,Furniture,Bookcases,COD,,
B-25757,01-07-2018,165,30,3,Clothing,Stole,COD,,
B-25767,22-08-2018,74,-59,2,Electronics,Accessories,Debit Card,,
B-25886,28-03-2018,89,17,2,Clothing,Stole,UPI,,
B-25621,28-03-2018,228,63,3,Electronics,Electronic Games,Credit Card,,
B-25967,10-03-2018,119,-24,4,Furniture,Furnishings,COD,,
B-25691,03-02-2018,75,-25,3,Clothing,Stole,UPI,,
B-25953,24-01-2018,67,20,4,Clothing,T-shirt,UPI,,
B-25651,27-12-2018,7,0,1,Clothing,Leggings,COD,,
B-25828,21-08-2018,222,35,5,Clothing,Saree,Credit Card,,
B-25628,21-01-2018,219,-9,4,Clothing,Saree,Credit Card,,
B-25703,16-01-2018,42,-23,2,Furniture,Furnishings,UPI,,
B-25929,27-03-2018,216,-135,3,Furniture,Chairs,Credit Card,,
B-25748,01-10-2018,47,-21,2,Electronics,Electronic Games,COD,,
B-25610,01-04-2018,68,-55,5,Electronics,Accessories,UPI,,
B-25903,13-11-2018,74,33,2,Clothing,Shirt,Debit Card,,
B-25878,21-01-2018,165,46,3,Furniture,Furnishings,COD,,
B-26056,30-03-2018,101,11,2,Clothing,Hankerchief,UPI,,
B-26004,04-02-2018,162,73,2,Electronics,Electronic Games,COD,,
B-25699,25-11-2018,20,-22,1,Furniture,Furnishings,UPI,,
B-26053,25-08-2018,162,55,3,Clothing,Stole,COD,,
B-25654,01-12-2018,229,-23,2,Clothing,Saree,UPI,,
B-25954,18-10-2018,27,0,2,Clothing,Leggings,COD,,
B-25910,08-11-2018,685,7,7,Clothing,Trousers,UPI,,
B-26064,15-11-2018,75,2,5,Clothing,Leggings,Debit Card,,
B-25983,26-10-2018,161,-229,8,Furniture,Furnishings,COD,,
B-26002,19-09-2018,71,19,3,Clothing,T-shirt,COD,,
B-25650,11-06-2018,211,-105,2,Clothing,Saree,Credit Card,,
B-26043,18-02-2018,79,5,6,Clothing,Hankerchief,Debit Card,,
B-25657,08-02-2018,32,-22,5,Clothing,Saree,UPI,,
B-25838,19-08-2018,161,40,3,Clothing,Stole,COD,,
B-25651,10-12-2018,159,4,1,Clothing,Saree,COD,,
B-25808,04-01-2018,210,-50,4,Clothing,Hankerchief,Credit Card,,
B-25973,30-09-2018,79,39,2,Clothing,Shirt,Debit Card,,
B-25698,27-04-2018,207,153,3,Clothing,Saree,Credit Card,,
B-25818,04-06-2018,36,0,4,Clothing,Kurti,COD,,
B-26061,13-12-2018,206,12,1,Electronics,Printers,Credit Card,,
B-25878,14-12-2018,46,0,4,Clothing,Leggings,COD,,
B-26054,13-01-2018,156,23,3,Clothing,Stole,COD,,
B-25809,12-04-2018,154,54,3,Clothing,Hankerchief,COD,,
B-26042,23-12-2018,36,15,3,Clothing,Stole,UPI,,
B-26008,01-09-2018,206,51,4,Clothing,Hankerchief,Credit Card,,
B-25927,24-04-2018,200,7,4,Electronics,Electronic Games,Credit Card,,
B-26008,22-07-2018,199,-1,1,Clothing,Saree,Credit Card,,
B-25753,09-01-2018,154,22,7,Clothing,T-shirt,COD,,
B-25948,02-11-2018,152,23,3,Furniture,Furnishings,COD,,
B-26094,21-03-2018,152,50,6,Clothing,Stole,COD,,
B-25654,11-09-2018,122,-21,3,Furniture,Furnishings,UPI,,
B-25854,12-07-2018,149,48,6,Clothing,Stole,COD,,
B-25623,26-03-2018,149,-87,4,Clothing,Saree,COD,,
B-25985,04-03-2018,197,20,4,Clothing,Kurti,Credit Card,,
B-25723,24-09-2018,76,-54,3,Electronics,Electronic Games,COD,,
B-25751,11-05-2018,221,-15,2,Electronics,Electronic Games,COD,,
B-26050,08-04-2018,79,32,3,Clothing,Saree,Debit Card,,
B-25800,14-08-2018,45,12,7,Clothing,Hankerchief,UPI,,
B-25673,12-09-2018,149,-1,1,Clothing,Saree,COD,,
B-26002,03-04-2018,80,22,3,Clothing,Stole,Debit Card,,
B-26009,07-03-2018,195,12,9,Clothing,Shirt,Credit Card,,
B-25754,08-05-2018,19,0,3,Clothing,Skirt,UPI,,
B-25953,08-11-2018,81,41,3,Clothing,Stole,Debit Card,,
B-26039,26-08-2018,83,34,5,Clothing,Shirt,Debit Card,,
B-26001,04-02-2018,149,17,4,Furniture,Furnishings,COD,,
B-25620,02-01-2018,193,46,1,Electronics,Printers,Credit Card,,
B-26051,09-02-2018,85,24,10,Clothing,Hankerchief,Debit Card,,
B-25673,22-06-2018,44,-17,5,Clothing,Saree,UPI,,
B-25721,29-10-2018,149,-40,2,Electronics,Phones,COD,,
B-25764,01-04-2018,26,0,2,Clothing,Kurti,COD,,
B-25645,23-11-2018,86,0,4,Clothing,T-shirt,Debit Card,,
B-26066,20-02-2018,86,22,2,Clothing,Saree,Debit Card,,
B-26003,20-01-2018,79,16,3,Clothing,T-shirt,COD,,
B-25712,01-06-2018,193,-275,3,Electronics,Phones,Credit Card,,
B-25796,30-10-2018,148,0,3,Clothing,Saree,COD,,
B-25738,04-12-2018,70,-14,2,Furniture,Furnishings,UPI,,
B-25771,29-12-2018,148,59,3,Clothing,Hankerchief,COD,,
B-25950,14-01-2018,190,19,9,Furniture,Furnishings,Credit Card,,
B-26038,02-09-2018,52,14,2,Clothing,Stole,COD,,
B-26004,18-01-2018,147,44,3,Clothing,Saree,COD,,
B-25896,22-07-2018,190,68,8,Clothing,T-shirt,Credit Card,,
B-25601,24-11-2018,80,-56,4,Electronics,Electronic Games,UPI,,
B-25952,16-03-2018,147,48,3,Clothing,Saree,COD,,
B-25873,10-10-2018,66,12,3,Clothing,Stole,COD,,
B-25844,18-11-2018,86,8,2,Clothing,Saree,Debit Card,,
B-26054,19-02-2018,88,19,2,Clothing,Shirt,Debit Card,,
B-25953,23-04-2018,188,-193,2,Electronics,Electronic Games,Credit Card,,
B-25951,05-01-2018,89,29,2,Clothing,Stole,UPI,,
B-26065,09-04-2018,146,19,5,Clothing,Stole,COD,,
B-26033,10-09-2018,143,32,1,Furniture,Bookcases,COD,,
B-25781,02-08-2018,25,-1,4,Clothing,Kurti,COD,,
B-26043,27-01-2018,30,12,3,Clothing,Skirt,UPI,,
B-25787,29-04-2018,140,-58,4,Furniture,Furnishings,COD,,
B-25664,22-07-2018,83,-48,1,Furniture,Bookcases,UPI,,
B-25825,13-08-2018,140,6,5,Clothing,Saree,COD,,
B-25818,23-05-2018,28,14,4,Clothing,Hankerchief,COD,,
B-25765,13-05-2018,139,14,3,Clothing,Stole,COD,,
B-25853,17-08-2018,30,14,3,Clothing,Hankerchief,UPI,,
B-26030,14-03-2018,89,36,3,Clothing,Shirt,UPI,,
B-25730,29-10-2018,187,30,4,Electronics,Accessories,Credit Card,,
B-26054,27-06-2018,139,21,3,Electronics,Accessories,COD,,
B-25773,13-01-2018,437,-14,2,Clothing,Saree,UPI,,
B-25717,22-05-2018,138,-3,5,Clothing,Saree,COD,,
B-26010,31-05-2018,85,13,2,Clothing,Shirt,UPI,,
B-25893,06-05-2018,83,12,3,Clothing,Stole,UPI,,
B-26076,31-01-2018,91,22,2,Clothing,Stole,UPI,,
B-25803,05-11-2018,137,5,5,Clothing,Shirt,COD,,
B-25709,07-12-2018,33,-12,7,Clothing,Saree,UPI,,
B-25755,10-10-2018,134,-34,2,Furniture,Chairs,COD,,
B-25684,21-10-2018,134,42,2,Furniture,Chairs,COD,,
B-25739,14-01-2018,133,-56,2,Furniture,Chairs,COD,,
B-26081,21-06-2018,93,-84,3,Clothing,Saree,UPI,,
B-25662,26-04-2018,86,-21,1,Electronics,Electronic Games,UPI,,
B-25845,11-08-2018,132,54,5,Clothing,Stole,COD,,
B-26085,10-12-2018,132,-10,3,Clothing,Saree,COD,,
B-25745,07-11-2018,132,-79,5,Furniture,Furnishings,COD,,
B-25999,28-01-2018,93,-65,4,Clothing,Stole,UPI,,
B-26082,08-12-2018,95,5,2,Clothing,Stole,UPI,,
B-26097,20-11-2018,97,12,2,Clothing,Hankerchief,UPI,,
B-25731,26-02-2018,131,-154,8,Furniture,Furnishings,COD,,
B-25625,27-05-2018,97,29,2,Clothing,Hankerchief,UPI,,
B-25853,31-03-2018,128,4,3,Clothing,Saree,COD,,
B-25703,07-05-2018,186,241,9,Clothing,Shirt,Credit Card,,
B-26003,21-01-2018,128,47,4,Clothing,Hankerchief,COD,,
B-25803,15-02-2018,185,48,4,Clothing,Stole,Credit Card,,
B-25719,20-05-2018,29,10,2,Clothing,Stole,COD,,
B-25883,22-02-2018,127,29,3,Furniture,Furnishings,COD,,
B-25891,08-03-2018,97,36,7,Clothing,Hankerchief,UPI,,
B-25821,05-02-2018,125,0,3,Electronics,Accessories,COD,,
B-25646,14-09-2018,299,-8,2,Clothing,Saree,COD,,
B-25874,28-08-2018,124,54,5,Clothing,T-shirt,COD,,
B-25717,05-10-2018,90,17,3,Clothing,Shirt,COD,,
B-26073,11-01-2018,122,11,4,Clothing,Hankerchief,COD,,
B-25800,26-03-2018,122,-66,9,Electronics,Accessories,COD,,
B-25991,03-11-2018,90,30,2,Furniture,Chairs,UPI,,
B-25638,13-10-2018,182,-11,3,Furniture,Bookcases,Credit Card,,
B-26021,13-01-2018,122,59,7,Furniture,Furnishings,COD,,
B-25882,22-01-2018,121,19,4,Clothing,Stole,COD,,
B-26053,24-11-2018,120,1,1,Furniture,Chairs,COD,,
B-25951,10-03-2018,120,23,5,Clothing,Stole,COD,,
B-25757,28-11-2018,34,-11,5,Clothing,T-shirt,COD,,
B-25777,06-12-2018,117,17,6,Clothing,Kurti,COD,,
B-26040,20-08-2018,38,9,2,Clothing,Stole,COD,,
B-25696,14-11-2018,117,-6,3,Electronics,Phones,COD,,
B-25977,16-06-2018,180,54,4,Clothing,T-shirt,Credit Card,,
B-25743,26-04-2018,99,-5,1,Clothing,Saree,UPI,,
B-25651,01-07-2018,172,-103,3,Furniture,Chairs,EMI,,
B-25603,27-10-2018,116,16,4,Clothing,Stole,COD,,
B-25696,10-11-2018,116,-4,1,Clothing,Saree,COD,,
B-26037,04-12-2018,171,68,7,Clothing,Stole,EMI,,
B-26098,18-01-2018,46,14,5,Clothing,Skirt,COD,,
B-25697,06-02-2018,115,-39,3,Clothing,Trousers,COD,,
B-25920,28-03-2018,100,7,2,Clothing,T-shirt,UPI,,
B-25993,09-08-2018,44,8,2,Clothing,Stole,COD,,
B-26089,25-01-2018,139,14,3,Clothing,Kurti,COD,,
B-25960,25-05-2018,171,-140,2,Furniture,Bookcases,EMI,,
B-25917,03-11-2018,100,12,2,Clothing,T-shirt,UPI,,
B-25825,02-12-2018,115,25,6,Clothing,Stole,COD,,
B-25696,08-01-2018,168,-9,3,Clothing,Saree,COD,,
B-25972,03-11-2018,115,47,2,Electronics,Accessories,COD,,
B-25602,26-04-2018,168,-111,2,Electronics,Phones,EMI,,
B-25736,22-10-2018,31,-7,5,Clothing,Skirt,UPI,,
B-26003,22-03-2018,114,41,6,Furniture,Furnishings,COD,,
B-25970,23-04-2018,111,9,4,Clothing,Stole,COD,,
B-25742,05-10-2018,11,-8,2,Clothing,Skirt,UPI,,
B-25770,18-06-2018,110,35,1,Furniture,Furnishings,COD,,
B-26098,24-09-2018,59,15,2,Clothing,T-shirt,UPI,,
B-26050,06-10-2018,166,27,2,Electronics,Accessories,EMI,,
B-25778,05-07-2018,109,-6,6,Clothing,Saree,COD,,
B-25652,25-05-2018,34,-6,4,Clothing,Leggings,COD,,
B-25999,10-11-2018,109,40,1,Furniture,Furnishings,COD,,
B-25909,15-09-2018,108,22,3,Electronics,Accessories,COD,,
B-25823,03-01-2018,103,50,2,Furniture,Furnishings,UPI,,
B-25701,09-03-2018,10,-8,2,Clothing,Skirt,COD,,
B-25855,18-03-2018,90,17,3,Clothing,Hankerchief,COD,,
B-25654,24-09-2018,105,46,2,Clothing,Stole,UPI,,
B-25623,30-01-2018,105,20,2,Clothing,Stole,Debit Card,,
B-25641,27-01-2018,22,-6,1,Furniture,Furnishings,COD,,
B-25852,10-03-2018,105,-33,5,Clothing,Kurti,COD,,
B-25958,22-03-2018,105,25,2,Clothing,Hankerchief,EMI,,
B-25802,20-09-2018,25,-7,5,Clothing,Saree,UPI,,
B-25823,07-06-2018,104,2,2,Furniture,Furnishings,COD,,
B-25834,19-01-2018,16,5,1,Clothing,Stole,UPI,,
B-25678,14-08-2018,64,-7,3,Clothing,Saree,COD,,
B-25774,24-10-2018,38,-6,2,Furniture,Furnishings,UPI,,
B-25904,22-04-2018,83,12,2,Furniture,Chairs,COD,,
B-25896,14-08-2018,103,36,2,Clothing,Hankerchief,COD,,
B-25796,10-06-2018,37,-6,1,Clothing,Saree,UPI,,
B-25934,11-02-2018,105,33,6,Clothing,Saree,EMI,,
B-25750,23-02-2018,78,-6,2,Furniture,Furnishings,UPI,,
B-25761,23-06-2018,102,-90,1,Clothing,Saree,COD,,
B-25912,21-01-2018,102,11,6,Clothing,T-shirt,COD,,
B-25751,28-10-2018,10,-8,1,Clothing,Kurti,UPI,,
B-25656,07-08-2018,101,18,9,Clothing,Skirt,COD,,
B-25647,28-11-2018,42,-6,4,Clothing,Saree,UPI,,
B-25861,25-01-2018,56,18,2,Clothing,Hankerchief,UPI,,
B-25802,29-03-2018,95,5,2,Clothing,Stole,COD,,
B-25901,13-04-2018,159,2,3,Furniture,Furnishings,EMI,,
B-25623,21-07-2018,158,69,3,Clothing,Stole,EMI,,
B-25751,06-03-2018,106,0,2,Electronics,Phones,EMI,,
B-26052,09-04-2018,101,16,4,Clothing,T-shirt,COD,,
B-25886,03-08-2018,107,37,3,Clothing,Shirt,COD,,
B-25804,17-01-2018,156,36,5,Clothing,T-shirt,EMI,,
B-25734,14-06-2018,108,-19,3,Electronics,Electronic Games,UPI,,
B-25610,05-01-2018,107,-54,4,Clothing,Stole,EMI,,
B-25711,04-12-2018,100,-58,4,Clothing,Hankerchief,COD,,
B-25985,10-10-2018,108,26,4,Clothing,Shirt,UPI,,
B-25864,12-07-2018,100,6,4,Clothing,Stole,COD,,
B-25648,18-12-2018,100,-23,1,Electronics,Phones,COD,,
B-26086,10-12-2018,43,17,2,Clothing,T-shirt,UPI,,
B-25835,28-03-2018,155,26,3,Clothing,Stole,EMI,,
B-25949,10-05-2018,151,9,3,Clothing,Hankerchief,EMI,,
B-25930,21-03-2018,151,29,5,Clothing,Hankerchief,EMI,,
B-25655,18-01-2018,110,-68,4,Clothing,Saree,EMI,,
B-25757,08-11-2018,98,9,2,Furniture,Furnishings,COD,,
B-25655,28-04-2018,97,-62,2,Clothing,Trousers,COD,,
B-26033,08-06-2018,111,35,5,Clothing,Shirt,COD,,
B-26083,14-02-2018,45,17,1,Electronics,Accessories,COD,,
B-25805,23-02-2018,112,15,2,Furniture,Chairs,COD,,
B-25955,10-03-2018,110,20,5,Clothing,Stole,Debit Card,,
B-25762,15-10-2018,98,-5,2,Clothing,Saree,UPI,,
B-25919,10-07-2018,110,12,7,Clothing,Stole,Debit Card,,
B-25853,04-01-2018,95,11,4,Furniture,Furnishings,COD,,
B-25925,13-02-2018,1228,14,3,Furniture,Chairs,UPI,,
B-26023,11-05-2018,29,0,3,Furniture,Furnishings,COD,,
B-26055,12-10-2018,94,27,2,Clothing,T-shirt,COD,,
B-25653,26-04-2018,115,25,1,Electronics,Accessories,COD,,
B-25893,04-12-2018,149,15,3,Clothing,Saree,EMI,,
B-26052,11-06-2018,148,23,4,Clothing,Kurti,EMI,,
B-25830,17-05-2018,93,15,2,Electronics,Accessories,COD,,
B-26040,26-04-2018,113,24,4,Clothing,Hankerchief,Debit Card,,
B-25981,13-03-2018,48,2,3,Clothing,Stole,COD,,
B-25954,03-03-2018,148,9,1,Electronics,Electronic Games,UPI,,
B-25889,02-09-2018,114,11,4,Clothing,T-shirt,Debit Card,,
B-25810,08-08-2018,92,42,2,Clothing,Stole,COD,,
B-25637,18-04-2018,117,14,3,Clothing,Shirt,UPI,,
B-25801,18-01-2018,21,-10,4,Clothing,Leggings,COD,,
B-25783,02-09-2018,33,-10,6,Clothing,Leggings,UPI,,
B-25697,18-04-2018,114,8,3,Electronics,Accessories,Debit Card,,
B-26028,11-06-2018,115,0,1,Electronics,Accessories,Debit Card,,
B-25851,25-10-2018,90,29,5,Clothing,T-shirt,COD,,
B-25938,23-02-2018,61,1,2,Furniture,Furnishings,COD,,
B-25820,09-07-2018,119,1,1,Furniture,Chairs,COD,,
B-25850,01-02-2018,117,36,2,Clothing,Trousers,Debit Card,,
B-25924,04-11-2018,148,54,2,Furniture,Chairs,UPI,,
B-25609,06-11-2018,249,-5,4,Clothing,Saree,COD,,
B-25898,15-09-2018,147,73,3,Clothing,Stole,UPI,,
B-25814,20-04-2018,118,35,7,Clothing,T-shirt,EMI,,
B-26087,04-02-2018,119,56,7,Clothing,Saree,EMI,,
B-25901,03-06-2018,90,27,2,Clothing,T-shirt,COD,,
B-26025,22-07-2018,32,1,2,Clothing,Stole,COD,,
B-25631,14-02-2018,89,-89,2,Furniture,Furnishings,COD,,
B-25954,24-08-2018,146,66,1,Electronics,Phones,UPI,,
B-25956,05-10-2018,89,-37,4,Clothing,Shirt,COD,,
B-26096,18-08-2018,88,11,3,Electronics,Accessories,COD,,
B-25862,16-02-2018,121,41,4,Clothing,Stole,EMI,,
B-26054,27-04-2018,88,20,2,Clothing,Saree,COD,,
B-25698,22-09-2018,87,-83,5,Clothing,Kurti,COD,,
B-25606,20-03-2018,87,4,2,Clothing,Shirt,COD,,
B-25928,09-02-2018,122,15,3,Electronics,Accessories,EMI,,
B-26005,26-03-2018,87,10,3,Clothing,Stole,COD,,
B-25963,17-04-2018,53,8,3,Furniture,Furnishings,UPI,,
B-25952,30-01-2018,87,-32,9,Clothing,Skirt,COD,,
B-25683,31-08-2018,86,-55,6,Clothing,Saree,COD,,
B-25914,31-01-2018,125,22,3,Clothing,Stole,EMI,,
B-25828,31-10-2018,128,-3,3,Clothing,Saree,Debit Card,,
B-25743,19-05-2018,143,-124,5,Clothing,Saree,UPI,,
B-26085,21-02-2018,86,22,2,Clothing,Saree,COD,,
B-25869,13-01-2018,86,9,3,Clothing,Saree,COD,,
B-25773,05-12-2018,85,-9,4,Clothing,Saree,COD,,
B-25700,10-02-2018,129,-75,5,Clothing,Shirt,Debit Card,,
B-25921,24-11-2018,84,-42,2,Electronics,Accessories,COD,,
B-25730,19-12-2018,83,-81,3,Furniture,Chairs,COD,,
B-26083,24-09-2018,143,6,2,Electronics,Accessories,UPI,,
B-25849,08-02-2018,336,123,3,Electronics,Phones,UPI,,
B-25909,01-05-2018,323,122,5,Electronics,Phones,UPI,,
B-26038,29-10-2018,130,61,3,Clothing,Shirt,Debit Card,,
B-25999,12-04-2018,152,-3,5,Clothing,Saree,COD,,
B-25928,10-10-2018,25,10,1,Furniture,Furnishings,UPI,,
B-25878,03-11-2018,140,15,5,Clothing,Stole,UPI,,
B-25843,19-02-2018,45,0,2,Clothing,Stole,UPI,,
B-25959,06-09-2018,132,49,3,Clothing,Shirt,COD,,
B-25630,24-11-2018,133,12,5,Clothing,Stole,Debit Card,,
B-25858,16-05-2018,82,13,2,Clothing,Shirt,COD,,
B-26096,22-12-2018,140,56,4,Clothing,Shirt,UPI,,
B-25838,22-01-2018,81,19,7,Clothing,Hankerchief,COD,,
B-25943,15-03-2018,137,38,5,Clothing,Hankerchief,Debit Card,,
B-25780,17-11-2018,137,-41,3,Electronics,Phones,Debit Card,,
B-25949,28-06-2018,140,57,2,Clothing,Trousers,Debit Card,,
B-25892,17-05-2018,139,30,3,Clothing,Shirt,UPI,,
B-26054,12-08-2018,138,11,5,Clothing,Stole,UPI,,
B-25988,30-08-2018,79,-124,9,Clothing,Skirt,COD,,
B-25939,15-11-2018,136,41,3,Electronics,Accessories,UPI,,
B-26083,11-03-2018,145,16,3,Clothing,T-shirt,Debit Card,,
B-26078,08-10-2018,44,20,2,Clothing,T-shirt,UPI,,
B-25902,09-12-2018,79,6,7,Clothing,Saree,COD,,
B-25676,25-03-2018,79,36,4,Clothing,Shirt,COD,,
B-26016,08-05-2018,134,-13,3,Electronics,Electronic Games,UPI,,
B-25950,09-02-2018,133,5,5,Clothing,Stole,UPI,,
B-26056,01-10-2018,47,20,7,Clothing,Hankerchief,UPI,,
B-25645,31-12-2018,133,-42,1,Electronics,Printers,UPI,,
B-25906,31-01-2018,78,27,3,Clothing,Stole,COD,,
B-26017,03-02-2018,78,7,1,Furniture,Chairs,COD,,
B-25644,20-04-2018,76,-92,8,Furniture,Furnishings,COD,,
B-25679,07-07-2018,76,-50,1,Clothing,Saree,COD,,
B-25854,25-01-2018,76,19,3,Clothing,Hankerchief,COD,,
B-25670,16-03-2018,74,29,3,Clothing,Stole,COD,,
B-25792,16-07-2018,74,-25,3,Clothing,Stole,COD,,
B-25808,15-11-2018,146,-63,3,Electronics,Electronic Games,Debit Card,,
B-25750,03-02-2018,73,-31,1,Furniture,Bookcases,COD,,
B-26051,01-08-2018,80,22,3,Clothing,Stole,UPI,,
B-26076,01-03-2018,133,46,5,Clothing,Shirt,EMI,,
B-25946,27-01-2018,146,7,2,Electronics,Phones,Debit Card,,
B-25648,12-12-2018,130,-41,4,Clothing,Saree,EMI,,
B-25992,07-01-2018,141,41,3,Clothing,Shirt,UPI,,
B-25848,24-09-2018,147,21,3,Furniture,Furnishings,Debit Card,,
B-25697,27-02-2018,73,-7,1,Electronics,Phones,COD,,
B-25659,18-06-2018,148,72,7,Clothing,T-shirt,Debit Card,,
B-25716,18-01-2018,58,0,4,Clothing,Saree,UPI,,
B-25652,23-02-2018,21,-13,3,Clothing,Leggings,UPI,,
B-26093,25-12-2018,148,25,3,Clothing,Saree,Debit Card,,
B-25725,10-01-2018,144,-7,4,Electronics,Electronic Games,COD,,
B-25661,19-07-2018,145,-104,5,Furniture,Chairs,UPI,,
B-25693,19-02-2018,72,-49,1,Electronics,Phones,COD,,
B-25910,18-06-2018,125,15,5,Clothing,Shirt,EMI,,
B-25943,21-05-2018,149,15,3,Clothing,Saree,Debit Card,,
B-26100,08-02-2018,72,16,2,Clothing,Shirt,COD,,
B-25830,11-04-2018,71,0,8,Clothing,Skirt,COD,,
B-25932,10-12-2018,71,-14,4,Furniture,Furnishings,COD,,
B-25929,22-04-2018,154,-85,3,Furniture,Chairs,EMI,,
B-25708,08-07-2018,191,13,8,Furniture,Furnishings,COD,,
B-25921,27-03-2018,170,19,5,Clothing,T-shirt,UPI,,
B-25755,03-04-2018,47,-3,2,Clothing,Stole,UPI,,
B-25640,23-10-2018,122,-47,4,Clothing,Saree,EMI,,
B-25838,29-10-2018,70,26,5,Clothing,Hankerchief,COD,,
B-26025,19-02-2018,155,5,3,Clothing,Stole,EMI,,
B-25789,09-10-2018,67,-86,9,Furniture,Furnishings,COD,,
B-25697,11-12-2018,67,-42,3,Clothing,Stole,COD,,
B-25797,13-01-2018,148,-101,2,Furniture,Bookcases,UPI,,
B-26064,27-03-2018,122,38,6,Clothing,T-shirt,Credit Card,,
B-25732,13-01-2018,16,-5,2,Clothing,Stole,UPI,,
B-25654,07-02-2018,121,-17,3,Furniture,Furnishings,Credit Card,,
B-25750,02-09-2018,42,-15,12,Clothing,Skirt,UPI,,
B-25751,15-05-2018,65,-4,6,Clothing,Hankerchief,COD,,
B-25889,28-12-2018,119,-43,7,Clothing,Kurti,Credit Card,,
B-25683,27-11-2018,155,56,3,Furniture,Furnishings,EMI,,
B-25602,12-01-2018,119,-5,8,Clothing,Saree,Credit Card,,
B-25871,16-03-2018,118,25,4,Clothing,Hankerchief,Credit Card,,
B-25953,24-03-2018,116,22,1,Electronics,Accessories,Credit Card,,
B-25950,20-07-2018,158,-29,10,Clothing,Hankerchief,EMI,,
B-26091,24-04-2018,158,69,3,Clothing,Stole,EMI,,
B-25753,28-05-2018,65,-52,3,Electronics,Accessories,COD,,
B-25611,17-06-2018,160,-59,2,Clothing,Saree,EMI,,
B-25935,03-02-2018,162,20,3,Furniture,Chairs,EMI,,
B-25886,29-08-2018,63,1,4,Clothing,T-shirt,COD,,
B-25833,04-12-2018,64,27,5,Clothing,Hankerchief,UPI,,
B-25665,26-03-2018,166,-113,4,Electronics,Accessories,EMI,,
B-25694,13-09-2018,167,43,7,Clothing,T-shirt,EMI,,
B-25668,09-06-2018,123,17,3,Furniture,Furnishings,COD,,
B-25945,03-08-2018,63,14,2,Clothing,Shirt,COD,,
B-25954,26-07-2018,891,0,5,Clothing,Saree,COD,,
B-25818,04-05-2018,75,28,9,Clothing,Hankerchief,UPI,,
B-25861,24-02-2018,62,6,5,Clothing,Hankerchief,COD,,
B-25721,25-06-2018,29,-18,7,Clothing,Skirt,UPI,,
B-26024,14-02-2018,168,18,6,Clothing,Stole,Debit Card,,
B-26056,29-06-2018,70,24,3,Clothing,Stole,UPI,,
B-26050,10-10-2018,169,55,4,Clothing,Saree,Debit Card,,
B-25708,16-10-2018,32,-8,2,Clothing,Stole,COD,,
B-25651,24-11-2018,44,-8,3,Clothing,Stole,UPI,,
B-25616,24-05-2018,116,-56,5,Clothing,Stole,Credit Card,,
B-25827,01-10-2018,156,21,3,Furniture,Chairs,COD,,
B-25996,01-01-2018,62,6,6,Clothing,Skirt,COD,,
B-25830,17-02-2018,54,1,2,Clothing,Saree,UPI,,
B-25951,16-03-2018,111,11,9,Clothing,Hankerchief,Credit Card,,
B-25713,26-11-2018,158,-63,4,Furniture,Chairs,UPI,,
B-25678,04-12-2018,7,-3,2,Clothing,Skirt,UPI,,
B-25901,16-10-2018,61,28,2,Clothing,Hankerchief,UPI,,
B-25798,03-12-2018,61,-50,4,Clothing,Hankerchief,COD,,
B-25902,21-11-2018,154,26,4,Electronics,Accessories,COD,,
B-25851,26-04-2018,62,1,3,Clothing,Saree,COD,,
B-25944,15-04-2018,169,38,3,Clothing,Saree,Debit Card,,
B-25939,23-01-2018,61,18,2,Electronics,Accessories,COD,,
B-25656,05-10-2018,61,-23,2,Clothing,Saree,COD,,
B-25695,15-11-2018,171,14,9,Clothing,Shirt,Debit Card,,
B-25781,22-03-2018,60,-49,8,Clothing,Hankerchief,COD,,
B-25783,07-10-2018,25,-11,1,Clothing,Stole,UPI,,
B-25867,29-07-2018,163,26,4,Clothing,Shirt,COD,,
B-25993,24-11-2018,173,86,1,Electronics,Printers,Debit Card,,
B-25755,04-01-2018,257,-3,2,Furniture,Bookcases,UPI,,
B-25880,17-12-2018,108,37,2,Clothing,Stole,Credit Card,,
B-25941,16-12-2018,177,41,4,Clothing,Shirt,Debit Card,,
B-25757,20-10-2018,106,15,7,Clothing,Hankerchief,Credit Card,,
B-25754,06-07-2018,41,-14,5,Clothing,Leggings,UPI,,
B-25653,15-11-2018,168,-10,3,Electronics,Accessories,UPI,,
B-25821,21-12-2018,60,21,4,Clothing,Stole,COD,,
B-25706,05-03-2018,31,-11,4,Clothing,Stole,COD,,
B-26064,24-12-2018,179,0,2,Clothing,Saree,Debit Card,,
B-25803,24-06-2018,106,12,3,Clothing,Trousers,Credit Card,,
B-26076,30-07-2018,60,13,2,Clothing,T-shirt,COD,,
B-25603,26-06-2018,180,5,3,Clothing,Trousers,Debit Card,,
B-25903,27-03-2018,60,-10,2,Furniture,Furnishings,COD,,
B-25938,23-03-2018,59,25,3,Clothing,Stole,COD,,
B-25868,14-10-2018,170,73,2,Electronics,Accessories,UPI,,
B-25956,03-11-2018,59,10,2,Clothing,Hankerchief,COD,,
B-25652,12-02-2018,24,-21,7,Clothing,Skirt,COD,,
B-25883,24-04-2018,105,-26,8,Clothing,Leggings,Credit Card,,
B-26096,06-04-2018,103,46,2,Clothing,Saree,Credit Card,,
B-25969,10-08-2018,171,17,6,Clothing,T-shirt,UPI,,
B-25951,08-02-2018,102,13,2,Clothing,Stole,Credit Card,,
B-25855,03-11-2018,98,12,2,Clothing,Hankerchief,Credit Card,,
B-26091,19-11-2018,59,10,4,Clothing,Leggings,COD,,
B-25954,16-03-2018,189,60,4,Furniture,Furnishings,Debit Card,,
B-25763,15-11-2018,58,-52,3,Furniture,Chairs,COD,,
B-25945,25-02-2018,60,3,3,Clothing,Saree,UPI,,
B-25740,20-12-2018,58,-8,2,Clothing,Saree,COD,,
B-25818,27-03-2018,94,20,2,Furniture,Furnishings,UPI,,
B-25603,31-01-2018,193,-166,3,Clothing,Saree,EMI,,
B-25964,11-12-2018,199,0,4,Clothing,Stole,EMI,,
B-25930,14-02-2018,202,89,9,Clothing,T-shirt,EMI,,
B-25930,30-04-2018,58,17,2,Clothing,Hankerchief,COD,,
B-25879,04-06-2018,57,-28,2,Clothing,Kurti,COD,,
B-25903,18-07-2018,204,-94,4,Clothing,Hankerchief,EMI,,
B-25614,05-04-2018,98,-12,2,Electronics,Electronic Games,Credit Card,,
B-25750,24-09-2018,22,-12,3,Clothing,Stole,COD,,
B-25852,04-06-2018,97,17,2,Clothing,Stole,Credit Card,,
B-26008,04-01-2018,57,24,5,Clothing,Leggings,COD,,
B-26092,04-01-2018,97,14,2,Clothing,T-shirt,Credit Card,,
B-25689,02-02-2018,97,17,2,Clothing,Stole,Credit Card,,
B-25730,15-04-2018,96,22,5,Clothing,Stole,Credit Card,,
B-25885,22-02-2018,94,27,2,Clothing,Shirt,Credit Card,,
B-25999,01-10-2018,26,-17,1,Clothing,Stole,COD,,
B-26011,29-10-2018,93,44,2,Clothing,Stole,Credit Card,,
B-25754,22-03-2018,93,-65,4,Clothing,Stole,Credit Card,,
B-26030,05-01-2018,92,5,6,Clothing,Hankerchief,Credit Card,,
B-25851,05-01-2018,57,27,2,Clothing,T-shirt,COD,,
B-25870,11-07-2018,57,7,3,Furniture,Furnishings,COD,,
B-26074,03-08-2018,57,21,4,Clothing,Leggings,COD,,
B-25861,27-08-2018,128,4,3,Clothing,Saree,COD,,
B-25797,22-11-2018,89,-4,5,Clothing,Saree,Credit Card,,
B-25993,24-11-2018,221,26,7,Furniture,Furnishings,COD,,
B-25799,30-12-2018,205,-119,3,Clothing,Saree,Debit Card,,
B-25721,21-03-2018,191,51,5,Clothing,Shirt,UPI,,
B-26056,23-04-2018,206,18,4,Clothing,Hankerchief,Debit Card,,
B-25743,06-01-2018,56,0,4,Clothing,Hankerchief,COD,,
B-25854,04-03-2018,88,16,4,Clothing,Stole,Credit Card,,
B-25748,17-03-2018,224,58,3,Electronics,Phones,UPI,,
B-25976,20-02-2018,193,8,4,Clothing,T-shirt,UPI,,
B-25953,19-01-2018,87,36,5,Clothing,Stole,Credit Card,,
B-25996,26-12-2018,189,4,1,Clothing,Saree,UPI,,
B-25717,16-11-2018,55,-33,2,Furniture,Chairs,COD,,
B-25865,06-04-2018,85,-1,3,Clothing,Saree,Credit Card,,
B-25959,08-09-2018,252,56,2,Electronics,Phones,UPI,,
B-25855,04-02-2018,197,73,1,Furniture,Bookcases,COD,,
B-25703,15-03-2018,17,-3,2,Clothing,Stole,UPI,,
B-26049,17-07-2018,100,28,2,Clothing,Hankerchief,UPI,,
B-25755,09-09-2018,80,-19,5,Clothing,Stole,UPI,,
B-26070,22-02-2018,75,29,1,Clothing,Trousers,UPI,,
B-25755,30-06-2018,26,4,2,Clothing,Saree,UPI,,
B-26047,24-04-2018,55,12,5,Clothing,Skirt,COD,,
B-25604,28-07-2018,157,5,9,Clothing,Saree,UPI,,
B-25651,03-05-2018,200,-60,4,Furniture,Bookcases,UPI,,
B-25983,23-09-2018,230,5,2,Clothing,Saree,UPI,,
B-26056,01-07-2018,213,-145,3,Furniture,Bookcases,Debit Card,,
B-25940,15-12-2018,55,4,2,Clothing,Stole,COD,,
B-25766,07-09-2018,220,-19,2,Clothing,Saree,Debit Card,,
B-25935,28-02-2018,150,32,3,Clothing,Hankerchief,COD,,
B-25970,10-10-2018,203,84,2,Electronics,Printers,UPI,,
B-26053,18-10-2018,93,31,3,Electronics,Accessories,UPI,,
B-25947,21-03-2018,290,35,6,Clothing,Hankerchief,COD,,
B-25856,15-09-2018,48,6,1,Clothing,Saree,COD,,
B-26030,04-03-2018,221,35,4,Electronics,Accessories,Debit Card,,
B-26069,15-06-2018,55,18,2,Clothing,Kurti,COD,,
B-25653,01-07-2018,227,102,8,Electronics,Accessories,Debit Card,,
B-25627,31-07-2018,55,-39,4,Clothing,Stole,COD,,
B-25947,15-07-2018,207,33,2,Electronics,Accessories,UPI,,
B-25801,11-12-2018,64,6,4,Clothing,Saree,COD,,
B-25964,12-07-2018,89,6,5,Clothing,Saree,COD,,
B-25950,13-02-2018,54,27,2,Clothing,Stole,COD,,
B-25878,02-03-2018,84,41,3,Clothing,T-shirt,Credit Card,,
B-25773,05-05-2018,209,-21,2,Electronics,Electronic Games,UPI,,
B-26081,14-05-2018,79,33,4,Clothing,Stole,UPI,,
B-26027,28-05-2018,54,8,4,Clothing,T-shirt,COD,,
B-25967,22-04-2018,229,59,9,Clothing,Saree,Debit Card,,
B-25901,28-11-2018,158,38,3,Clothing,Hankerchief,UPI,,
B-25951,27-04-2018,248,105,2,Electronics,Phones,Debit Card,,
B-25853,01-11-2018,199,6,2,Clothing,Saree,UPI,,
B-25923,27-01-2018,253,-11,1,Clothing,Trousers,Debit Card,,
B-25793,13-02-2018,257,-252,4,Clothing,Saree,Debit Card,,
B-26068,20-02-2018,193,33,5,Electronics,Accessories,COD,,
B-26080,19-03-2018,109,35,6,Clothing,T-shirt,COD,,
B-25843,01-05-2018,214,30,3,Electronics,Accessories,COD,,
B-26002,02-06-2018,141,7,7,Clothing,Saree,COD,,
B-25993,23-08-2018,201,32,4,Furniture,Furnishings,UPI,,
B-26070,12-03-2018,54,12,4,Clothing,Shirt,COD,,
B-25887,25-04-2018,83,6,6,Clothing,Shirt,EMI,,
B-25654,22-03-2018,54,-3,3,Clothing,Saree,COD,,
B-25898,28-05-2018,53,5,3,Clothing,T-shirt,COD,,
B-25664,21-01-2018,258,-27,2,Electronics,Phones,Debit Card,,
B-26012,27-07-2018,199,8,2,Clothing,Saree,COD,,
B-25979,29-10-2018,82,-27,3,Clothing,Kurti,EMI,,
B-26054,15-09-2018,139,36,3,Clothing,Stole,COD,,
B-25757,29-01-2018,53,15,2,Clothing,Stole,COD,,
B-25623,21-09-2018,53,1,4,Clothing,Stole,COD,,
B-25824,03-08-2018,101,38,2,Furniture,Furnishings,COD,,
B-25754,26-03-2018,262,215,2,Electronics,Printers,Debit Card,,
B-25693,01-07-2018,82,-39,5,Clothing,T-shirt,EMI,,
B-25638,22-08-2018,154,39,3,Clothing,Hankerchief,COD,,
B-25922,28-03-2018,52,18,2,Clothing,Stole,COD,,
B-25919,10-03-2018,1599,37,6,Electronics,Electronic Games,UPI,,
B-25989,03-02-2018,338,41,7,Clothing,Hankerchief,UPI,,
B-25999,24-01-2018,51,-49,2,Electronics,Electronic Games,COD,,
B-25661,27-12-2018,224,-81,3,Furniture,Chairs,COD,,
B-26099,21-08-2018,207,37,4,Clothing,Hankerchief,COD,,
B-25866,21-01-2018,51,14,2,Clothing,Stole,COD,,
B-26098,16-01-2018,82,8,3,Electronics,Accessories,EMI,,
B-26062,27-03-2018,50,-17,2,Clothing,Stole,COD,,
B-25761,01-10-2018,263,-31,9,Electronics,Electronic Games,Debit Card,,
B-25843,01-04-2018,50,7,6,Clothing,Skirt,COD,,
B-25683,13-11-2018,245,-3,4,Electronics,Phones,UPI,,
B-25959,21-01-2018,82,24,6,Clothing,Hankerchief,EMI,,
B-25787,30-03-2018,229,-41,8,Electronics,Accessories,COD,,
B-25951,04-02-2018,50,14,1,Electronics,Electronic Games,COD,,
B-26056,25-11-2018,220,40,2,Electronics,Accessories,COD,,
B-25643,25-08-2018,263,-63,2,Electronics,Electronic Games,Debit Card,,
B-26093,01-12-2018,81,-41,5,Clothing,Leggings,EMI,,
B-25775,18-10-2018,50,-17,2,Clothing,Stole,COD,,
B-26093,08-11-2018,49,5,4,Clothing,Hankerchief,COD,,
B-25851,15-11-2018,237,47,9,Clothing,T-shirt,UPI,,
B-25685,26-10-2018,264,-30,3,Furniture,Furnishings,Debit Card,,
B-25651,19-09-2018,49,3,1,Clothing,Shirt,COD,,
B-25793,11-06-2018,63,-24,6,Clothing,Kurti,COD,,
B-25708,18-02-2018,81,-51,7,Clothing,Stole,EMI,,
B-25847,08-02-2018,264,71,10,Furniture,Furnishings,Debit Card,,
B-25954,19-08-2018,48,11,2,Clothing,Shirt,COD,,
B-25997,10-12-2018,48,15,1,Clothing,Hankerchief,COD,,
B-25650,04-01-2018,245,-78,2,Electronics,Printers,UPI,,
B-25883,30-09-2018,146,42,5,Clothing,Hankerchief,UPI,,
B-25945,27-04-2018,245,10,2,Furniture,Bookcases,COD,,
B-25981,04-06-2018,245,91,2,Furniture,Bookcases,UPI,,
B-25862,13-12-2018,80,3,3,Clothing,Stole,EMI,,
B-25877,14-12-2018,269,33,5,Furniture,Chairs,Debit Card,,
B-26090,13-01-2018,80,22,3,Clothing,Stole,EMI,,
B-26050,12-04-2018,284,44,6,Clothing,Hankerchief,COD,,
B-26072,23-12-2018,313,44,3,Electronics,Electronic Games,COD,,
B-25916,01-09-2018,80,-26,9,Clothing,Skirt,EMI,,
B-25722,24-04-2018,48,-8,8,Clothing,Stole,COD,,
B-25746,22-07-2018,87,16,2,Clothing,Saree,UPI,,
B-25753,09-01-2018,47,-114,5,Furniture,Furnishings,COD,,
B-25956,02-11-2018,140,28,2,Electronics,Phones,COD,,
B-25996,21-03-2018,47,1,2,Clothing,Stole,COD,,
B-25896,11-09-2018,79,-2,2,Furniture,Furnishings,EMI,,
B-25796,12-07-2018,78,-64,7,Clothing,Stole,EMI,,
B-25798,26-03-2018,47,-3,2,Clothing,Stole,COD,,
B-26043,04-03-2018,185,48,4,Clothing,Stole,UPI,,
B-26028,24-09-2018,77,36,2,Clothing,Shirt,EMI,,
B-25812,11-05-2018,259,47,5,Clothing,Hankerchief,UPI,,
B-25605,08-04-2018,75,0,7,Clothing,Saree,EMI,,
B-25702,14-08-2018,75,0,3,Clothing,Shirt,EMI,,
B-25940,12-09-2018,46,0,4,Clothing,Leggings,COD,,
B-26087,03-04-2018,46,13,3,Clothing,Hankerchief,COD,,
B-25955,07-03-2018,200,13,5,Electronics,Phones,COD,,
B-25626,08-05-2018,46,-14,1,Electronics,Phones,COD,,
B-25811,08-11-2018,126,52,4,Clothing,Hankerchief,UPI,,
B-25856,26-08-2018,74,29,3,Clothing,Stole,EMI,,
B-25628,04-02-2018,45,13,4,Clothing,Skirt,COD,,
B-26016,02-01-2018,74,9,3,Clothing,Shirt,UPI,,
B-25999,09-02-2018,129,11,2,Electronics,Phones,UPI,,
B-26043,22-06-2018,122,50,7,Clothing,Stole,UPI,,
B-25743,29-10-2018,74,-51,3,Clothing,Stole,UPI,,
B-26014,01-04-2018,278,39,5,Furniture,Chairs,Debit Card,,
B-25876,23-11-2018,282,14,4,Clothing,Trousers,Debit Card,,
B-25785,20-02-2018,45,0,2,Clothing,T-shirt,COD,,
B-25810,20-01-2018,45,6,3,Clothing,Shirt,COD,,
B-25833,01-06-2018,45,16,3,Clothing,Stole,COD,,
B-25931,30-10-2018,73,-36,3,Furniture,Chairs,UPI,,
B-25852,04-12-2018,45,12,4,Clothing,Hankerchief,COD,,
B-25738,29-12-2018,72,-6,3,Clothing,Saree,UPI,,
B-25921,14-01-2018,71,-44,5,Electronics,Accessories,UPI,,
B-25685,02-09-2018,45,-2,4,Clothing,Shirt,COD,,
B-25996,18-01-2018,286,140,6,Clothing,Shirt,Debit Card,,
B-25663,22-07-2018,294,138,2,Electronics,Printers,Debit Card,,
B-25888,24-11-2018,223,4,3,Electronics,Phones,COD,,
B-25677,16-03-2018,20,-2,1,Electronics,Accessories,UPI,,
B-26045,10-10-2018,302,75,6,Furniture,Furnishings,Debit Card,,
B-26002,18-11-2018,113,28,2,Clothing,Saree,UPI,,
B-25953,19-02-2018,44,2,3,Clothing,Hankerchief,COD,,
B-25617,23-04-2018,305,-270,5,Electronics,Electronic Games,Debit Card,,
B-25702,05-01-2018,306,-147,3,Clothing,Saree,Debit Card,,
B-25799,09-04-2018,70,-64,5,Clothing,Stole,UPI,,
B-25985,10-09-2018,44,11,4,Clothing,Stole,COD,,
B-25952,02-08-2018,44,14,3,Clothing,Hankerchief,COD,,
B-25754,27-01-2018,319,312,5,Clothing,Saree,Debit Card,,
B-25770,29-04-2018,287,-280,12,Furniture,Chairs,UPI,,
B-25954,22-07-2018,44,10,3,Clothing,Stole,COD,,
B-25657,13-08-2018,288,-180,4,Furniture,Chairs,COD,,
B-25801,23-05-2018,49,-31,2,Clothing,Stole,COD,,
B-26000,13-05-2018,43,-10,4,Clothing,Skirt,COD,,
B-25897,17-08-2018,43,5,3,Clothing,Stole,COD,,
B-25681,14-03-2018,68,-27,3,Electronics,Accessories,UPI,,
B-25852,29-10-2018,320,144,1,Electronics,Printers,Debit Card,,
B-26067,27-06-2018,67,2,4,Clothing,T-shirt,UPI,,
B-25601,13-01-2018,66,-12,5,Clothing,Stole,UPI,,
B-25804,22-05-2018,321,26,3,Electronics,Printers,Debit Card,,
B-25751,31-05-2018,43,-5,2,Clothing,Saree,COD,,
B-25630,06-05-2018,114,-39,5,Clothing,Kurti,COD,,
B-25899,31-01-2018,43,17,1,Clothing,Saree,COD,,
B-25751,05-11-2018,43,21,3,Clothing,Shirt,COD,,
B-26081,07-12-2018,637,50,5,Clothing,Saree,COD,,
B-25851,10-10-2018,300,42,2,Electronics,Printers,COD,,
B-26036,21-10-2018,341,44,7,Furniture,Furnishings,UPI,,
B-25704,14-01-2018,102,0,3,Electronics,Phones,COD,,
B-25761,21-06-2018,328,-15,3,Electronics,Electronic Games,Debit Card,,
B-25978,26-04-2018,341,160,7,Clothing,Stole,Debit Card,,
B-26077,11-08-2018,62,11,7,Clothing,Hankerchief,UPI,,
B-25981,10-12-2018,42,13,3,Clothing,Leggings,COD,,
B-26043,07-11-2018,62,28,5,Clothing,Hankerchief,UPI,,
B-25896,28-01-2018,42,7,2,Clothing,Kurti,COD,,
B-25790,08-12-2018,42,-3,1,Electronics,Electronic Games,COD,,
B-25789,20-11-2018,313,-13,5,Furniture,Bookcases,UPI,,
B-26061,26-02-2018,109,52,2,Clothing,Stole,UPI,,
B-25923,27-05-2018,226,58,3,Electronics,Accessories,COD,,
B-25868,31-03-2018,62,-1,1,Electronics,Phones,UPI,,
B-25777,07-05-2018,61,-25,4,Electronics,Accessories,UPI,,
B-25999,21-01-2018,222,74,5,Clothing,Hankerchief,COD,,
B-25854,15-02-2018,342,-154,7,Furniture,Furnishings,Debit Card,,
B-25667,20-05-2018,344,-34,3,Clothing,Saree,Debit Card,,
B-25829,22-02-2018,345,38,7,Clothing,Hankerchief,Debit Card,,
B-25705,08-03-2018,46,0,2,Electronics,Electronic Games,COD,,
B-25843,05-02-2018,255,74,5,Clothing,Hankerchief,COD,,
B-25958,14-09-2018,360,32,3,Clothing,Saree,UPI,,
B-25893,28-08-2018,372,59,3,Electronics,Printers,UPI,,
B-25855,05-10-2018,61,30,2,Clothing,Hankerchief,UPI,,
B-25616,11-01-2018,42,12,5,Clothing,Hankerchief,COD,,
B-25630,26-03-2018,42,-26,2,Clothing,Kurti,COD,,
B-25936,03-11-2018,61,25,4,Clothing,Saree,UPI,,
B-25830,13-10-2018,41,11,6,Clothing,Hankerchief,COD,,
B-25930,13-01-2018,40,13,3,Clothing,T-shirt,COD,,
B-25808,22-01-2018,59,21,2,Clothing,Stole,UPI,,
B-25979,24-11-2018,57,27,2,Clothing,Shirt,UPI,,
B-25687,10-03-2018,17,6,1,Clothing,Stole,UPI,,
B-26087,28-11-2018,40,10,2,Clothing,Stole,COD,,
B-25764,06-12-2018,349,-24,2,Clothing,Saree,Debit Card,,
B-25782,20-08-2018,335,-22,7,Furniture,Chairs,UPI,,
B-25854,14-11-2018,40,16,3,Clothing,Hankerchief,COD,,
B-26085,16-06-2018,40,17,2,Clothing,Stole,COD,,
B-25630,26-04-2018,40,-7,3,Clothing,Stole,COD,,
B-25999,01-07-2018,352,74,8,Clothing,Stole,Debit Card,,
B-25648,27-10-2018,55,-26,4,Clothing,Saree,UPI,,
B-25952,10-11-2018,352,18,5,Clothing,Trousers,Debit Card,,
B-25710,04-12-2018,53,-18,4,Clothing,T-shirt,UPI,,
B-25685,18-01-2018,51,7,2,Furniture,Furnishings,UPI,,
B-25740,06-02-2018,40,-37,3,Clothing,Stole,COD,,
B-25973,28-03-2018,39,14,5,Clothing,Leggings,COD,,
B-25769,09-08-2018,355,-4,2,Clothing,Saree,Debit Card,,
B-25687,25-01-2018,357,139,2,Clothing,Saree,Debit Card,,
B-25603,25-05-2018,38,18,1,Clothing,Kurti,COD,,
B-26050,03-11-2018,38,9,2,Clothing,Stole,COD,,
B-25748,02-12-2018,141,10,4,Clothing,Shirt,UPI,,
B-25833,08-01-2018,36,4,9,Clothing,Hankerchief,COD,,
B-25930,03-11-2018,351,-94,5,Electronics,Electronic Games,COD,,
B-26035,26-04-2018,369,15,3,Electronics,Electronic Games,Debit Card,,
B-25851,22-10-2018,53,24,6,Clothing,Hankerchief,EMI,,
B-25718,22-03-2018,371,115,1,Furniture,Bookcases,Debit Card,,
B-25898,23-04-2018,499,33,4,Clothing,Saree,COD,,
B-25893,05-10-2018,223,62,7,Clothing,Shirt,COD,,
B-25983,18-06-2018,50,-4,6,Clothing,T-shirt,EMI,,
B-26056,24-09-2018,391,90,6,Electronics,Phones,Debit Card,,
B-25715,06-10-2018,416,137,3,Electronics,Phones,Debit Card,,
B-25702,05-07-2018,424,-17,9,Furniture,Chairs,Debit Card,,
B-25618,25-05-2018,362,127,1,Furniture,Bookcases,COD,,
B-25643,10-11-2018,36,-7,1,Electronics,Electronic Games,COD,,
B-25961,15-09-2018,34,-10,3,Clothing,Skirt,COD,,
B-25873,03-01-2018,367,73,3,Electronics,Electronic Games,UPI,,
B-26053,09-03-2018,425,208,7,Clothing,Saree,Debit Card,,
B-25683,18-03-2018,433,26,3,Electronics,Printers,Debit Card,,
B-25718,24-09-2018,460,31,3,Furniture,Bookcases,Debit Card,,
B-25753,30-01-2018,62,-56,5,Clothing,Kurti,COD,,
B-25852,27-01-2018,50,16,1,Clothing,Stole,EMI,,
B-25914,10-03-2018,460,-143,3,Furniture,Chairs,Debit Card,,
B-26083,22-03-2018,34,3,3,Clothing,Saree,COD,,
B-25857,20-09-2018,227,59,2,Furniture,Furnishings,UPI,,
B-25939,07-06-2018,469,33,4,Electronics,Electronic Games,Debit Card,,
B-25851,19-01-2018,103,46,2,Clothing,Saree,UPI,,
B-25699,14-08-2018,34,-13,5,Clothing,Leggings,COD,,
B-26078,24-10-2018,137,63,3,Clothing,Stole,COD,,
B-26075,22-04-2018,34,12,2,Clothing,Stole,COD,,
B-25956,14-08-2018,474,56,4,Electronics,Phones,Debit Card,,
B-25861,10-06-2018,50,3,2,Clothing,Stole,EMI,,
B-25777,11-02-2018,69,-67,4,Clothing,Kurti,UPI,,
B-25634,23-02-2018,389,-83,3,Furniture,Chairs,UPI,,
B-25753,23-06-2018,77,-43,8,Clothing,Stole,COD,,
B-25687,21-01-2018,51,21,3,Clothing,T-shirt,COD,,
B-25885,28-10-2018,394,146,2,Furniture,Bookcases,UPI,,
B-25767,07-08-2018,48,-22,2,Clothing,Saree,EMI,,
B-25961,28-11-2018,34,-12,5,Clothing,Leggings,COD,,
B-25923,25-01-2018,484,28,3,Electronics,Printers,Debit Card,,
B-25799,29-03-2018,47,-27,4,Clothing,Saree,EMI,,
B-25955,13-04-2018,45,8,4,Clothing,Skirt,EMI,,
B-26015,21-07-2018,128,55,1,Clothing,Saree,COD,,
B-26051,06-03-2018,669,74,5,Furniture,Bookcases,COD,,
B-25822,09-04-2018,34,13,2,Clothing,Saree,COD,,
B-25989,03-08-2018,44,14,3,Clothing,Hankerchief,Credit Card,,
B-25910,17-01-2018,33,1,2,Clothing,Shirt,COD,,
B-25956,14-06-2018,33,10,3,Clothing,Hankerchief,COD,,
B-25986,05-01-2018,487,-23,3,Electronics,Printers,Debit Card,,
B-26098,04-12-2018,497,179,3,Furniture,Chairs,Debit Card,,
B-26061,10-10-2018,508,203,2,Electronics,Accessories,Debit Card,,
B-25954,12-07-2018,524,-25,2,Electronics,Electronic Games,Debit Card,,
B-26034,18-12-2018,425,183,5,Electronics,Accessories,UPI,,
B-25909,10-12-2018,168,56,3,Clothing,Saree,COD,,
B-25692,28-03-2018,141,28,7,Furniture,Furnishings,UPI,,
B-25959,10-05-2018,429,17,3,Furniture,Chairs,UPI,,
B-25745,21-03-2018,44,-8,3,Clothing,Stole,Credit Card,,
B-25689,18-01-2018,149,136,3,Clothing,Stole,UPI,,
B-25786,08-11-2018,44,-34,3,Clothing,Stole,Credit Card,,
B-25897,28-04-2018,33,10,3,Clothing,Hankerchief,COD,,
B-26056,08-06-2018,33,9,2,Clothing,Hankerchief,COD,,
B-25855,14-02-2018,442,31,2,Electronics,Electronic Games,UPI,,
B-25667,23-02-2018,41,6,5,Clothing,Skirt,Credit Card,,
B-25701,10-03-2018,33,-12,5,Clothing,Hankerchief,COD,,
B-26046,15-10-2018,32,3,8,Clothing,Hankerchief,COD,,
B-25676,10-07-2018,32,6,3,Clothing,Shirt,COD,,
B-26045,04-01-2018,179,77,1,Clothing,Saree,UPI,,
B-25889,13-02-2018,31,10,1,Clothing,Kurti,COD,,
B-25900,11-05-2018,140,68,5,Clothing,T-shirt,COD,,
B-25685,12-10-2018,529,137,3,Electronics,Phones,Debit Card,,
B-25622,26-04-2018,534,0,3,Clothing,Saree,Debit Card,,
B-25709,04-12-2018,41,-6,1,Furniture,Chairs,Credit Card,,
B-25798,11-06-2018,379,63,2,Clothing,Saree,COD,,
B-25933,17-05-2018,81,-44,3,Clothing,Stole,COD,,
B-25793,26-04-2018,40,-33,5,Clothing,Hankerchief,Credit Card,,
B-25951,13-03-2018,40,18,1,Electronics,Accessories,Credit Card,,
B-25656,03-03-2018,534,0,3,Clothing,Saree,Debit Card,,
B-26056,02-09-2018,31,9,2,Clothing,Hankerchief,COD,,
B-25870,08-08-2018,473,-113,9,Clothing,Hankerchief,UPI,,
B-25690,18-04-2018,31,-10,3,Clothing,Skirt,COD,,
B-25702,18-01-2018,31,-3,4,Clothing,Saree,COD,,
B-25752,02-09-2018,91,15,6,Clothing,T-shirt,UPI,,
B-25781,18-04-2018,30,-25,2,Clothing,T-shirt,COD,,
B-26038,11-06-2018,30,6,1,Clothing,T-shirt,COD,,
B-25761,25-10-2018,40,0,3,Clothing,Saree,Credit Card,,
B-25751,23-02-2018,534,5,2,Electronics,Electronic Games,Debit Card,,
B-25750,09-07-2018,539,-146,7,Furniture,Furnishings,Debit Card,,
B-25726,01-02-2018,490,-128,8,Furniture,Bookcases,UPI,,
B-26048,04-11-2018,163,81,2,Electronics,Accessories,COD,,
B-26051,06-11-2018,184,85,6,Clothing,T-shirt,UPI,,
B-25614,15-09-2018,494,54,4,Furniture,Bookcases,COD,,
B-25907,20-04-2018,30,11,5,Clothing,Hankerchief,COD,,
B-25789,04-02-2018,30,0,1,Clothing,Kurti,COD,,
B-26097,03-06-2018,39,-18,2,Clothing,Leggings,Credit Card,,
B-25902,22-07-2018,1700,85,3,Clothing,Trousers,COD,,
B-25657,14-02-2018,332,-43,6,Electronics,Phones,UPI,,
B-25854,24-08-2018,436,131,9,Clothing,Hankerchief,UPI,,
B-25610,05-10-2018,30,-5,2,Furniture,Furnishings,COD,,
B-25733,18-08-2018,30,-10,2,Clothing,Stole,COD,,
B-25798,16-02-2018,38,-13,3,Clothing,Stole,Credit Card,,
B-25803,27-04-2018,511,194,3,Furniture,Chairs,UPI,,
B-25755,22-09-2018,37,-53,3,Clothing,Saree,Credit Card,,
B-25850,20-03-2018,513,215,2,Electronics,Accessories,COD,,
B-25667,09-02-2018,516,69,4,Furniture,Bookcases,UPI,,
B-25796,26-03-2018,559,-19,2,Clothing,Trousers,Debit Card,,
B-26013,17-04-2018,29,-10,3,Clothing,Skirt,COD,,
B-25683,30-01-2018,148,52,5,Clothing,Stole,UPI,,
B-26054,31-08-2018,559,-174,2,Electronics,Electronic Games,Debit Card,,
B-26010,31-01-2018,527,26,3,Electronics,Electronic Games,COD,,
B-25979,31-10-2018,560,44,3,Clothing,Saree,Debit Card,,
B-25973,19-05-2018,571,108,12,Clothing,Stole,Debit Card,,
B-25975,21-02-2018,29,2,3,Clothing,Skirt,COD,,
B-26010,13-01-2018,29,3,2,Clothing,Stole,COD,,
B-25767,05-12-2018,29,-3,3,Clothing,Saree,COD,,
B-25815,10-02-2018,35,14,2,Clothing,Stole,Credit Card,,
B-25853,24-11-2018,579,139,3,Electronics,Printers,Debit Card,,
B-25756,19-12-2018,29,-24,4,Clothing,Leggings,COD,,
B-25755,24-09-2018,593,213,4,Furniture,Bookcases,Debit Card,,
B-25996,08-02-2018,217,72,2,Furniture,Furnishings,COD,,
B-25619,01-05-2018,353,90,8,Clothing,Saree,COD,,
B-26050,29-10-2018,382,92,2,Electronics,Printers,COD,,
B-26000,12-04-2018,597,93,4,Furniture,Chairs,Debit Card,,
B-26058,10-10-2018,212,97,7,Clothing,Hankerchief,COD,,
B-25856,03-11-2018,689,90,5,Clothing,Saree,COD,,
B-26044,19-02-2018,28,-10,3,Clothing,Skirt,COD,,
B-25654,06-09-2018,34,12,3,Clothing,Hankerchief,Credit Card,,
B-26051,24-11-2018,600,-102,5,Electronics,Electronic Games,Debit Card,,
B-25636,16-05-2018,637,113,5,Clothing,Saree,UPI,,
B-25710,22-12-2018,616,-69,7,Furniture,Furnishings,Debit Card,,
B-25656,22-01-2018,624,37,2,Electronics,Electronic Games,Debit Card,,
B-25919,15-03-2018,28,4,1,Clothing,T-shirt,COD,,
B-25781,17-11-2018,584,-444,7,Electronics,Printers,UPI,,
B-25899,28-06-2018,28,6,4,Clothing,Skirt,COD,,
B-26093,17-05-2018,33,-1,1,Clothing,Saree,Credit Card,,
B-25753,12-08-2018,27,-20,2,Clothing,Hankerchief,COD,,
B-25858,30-08-2018,27,5,2,Clothing,Skirt,COD,,
B-25762,15-11-2018,27,4,3,Clothing,Skirt,COD,,
B-25625,11-03-2018,635,-349,5,Clothing,Saree,Debit Card,,
B-25857,08-10-2018,598,166,4,Furniture,Bookcases,UPI,,
B-25919,09-12-2018,636,-204,2,Electronics,Printers,Debit Card,,
B-25864,25-03-2018,27,9,2,Clothing,Hankerchief,COD,,
B-25698,08-05-2018,27,-6,4,Clothing,Hankerchief,COD,,
B-25959,09-02-2018,637,212,8,Electronics,Phones,Debit Card,,
B-26073,01-10-2018,290,110,9,Clothing,Stole,UPI,,
B-25649,31-12-2018,27,-25,2,Clothing,Stole,COD,,
B-25806,31-01-2018,632,-114,4,Furniture,Tables,UPI,,
B-25756,03-02-2018,643,-45,2,Electronics,Printers,Debit Card,,
B-26003,20-04-2018,652,13,6,Furniture,Furnishings,Debit Card,,
B-25752,07-07-2018,33,-27,1,Furniture,Chairs,Credit Card,,
B-25783,25-01-2018,26,2,2,Clothing,Hankerchief,COD,,
B-25802,16-03-2018,633,-633,11,Electronics,Accessories,UPI,,
B-25881,16-07-2018,26,9,2,Clothing,Leggings,COD,,
B-25898,15-11-2018,191,93,4,Clothing,Shirt,UPI,,
B-25696,03-02-2018,887,80,3,Electronics,Printers,UPI,,
B-25826,01-08-2018,637,261,2,Electronics,Printers,COD,,
B-25745,01-03-2018,670,15,5,Furniture,Bookcases,Debit Card,,
B-25943,27-01-2018,26,7,4,Clothing,Hankerchief,COD,,
B-26051,12-12-2018,676,195,5,Furniture,Bookcases,Debit Card,,
B-25624,07-01-2018,26,12,3,Clothing,Hankerchief,COD,,
B-25723,24-09-2018,26,-24,1,Clothing,Stole,COD,,
B-26052,27-02-2018,25,7,2,Clothing,Stole,COD,,
B-25603,18-06-2018,24,-30,1,Furniture,Chairs,COD,,
B-25983,18-01-2018,32,-12,1,Furniture,Chairs,Credit Card,,
B-25650,23-02-2018,31,-2,2,Clothing,Saree,Credit Card,,
B-25656,25-12-2018,651,169,5,Electronics,Printers,COD,,
B-26018,10-01-2018,326,107,3,Furniture,Furnishings,UPI,,
B-25783,19-07-2018,30,-6,2,Clothing,Hankerchief,UPI,,
B-25951,19-02-2018,30,5,2,Clothing,Kurti,UPI,,
B-25974,18-06-2018,662,240,2,Furniture,Bookcases,COD,,
B-25754,21-05-2018,30,-23,2,Clothing,Saree,UPI,,
B-26073,08-02-2018,29,9,3,Clothing,Saree,UPI,,
B-25796,11-04-2018,28,1,1,Electronics,Accessories,UPI,,
B-25653,10-12-2018,28,-3,2,Clothing,Saree,UPI,,
B-25884,22-04-2018,24,2,4,Clothing,Hankerchief,COD,,
B-25650,08-07-2018,28,-26,2,Clothing,Stole,UPI,,
B-26045,27-03-2018,27,5,1,Clothing,Stole,UPI,,
B-25672,03-04-2018,27,-15,1,Clothing,Stole,UPI,,
B-25949,23-10-2018,24,11,3,Clothing,Hankerchief,COD,,
B-25733,29-10-2018,23,-6,4,Clothing,Hankerchief,COD,,
B-25697,19-02-2018,322,193,5,Electronics,Printers,COD,,
B-25893,09-10-2018,688,-103,6,Electronics,Accessories,Debit Card,,
B-25802,11-12-2018,23,-3,1,Clothing,Shirt,COD,,
B-25961,13-01-2018,26,3,3,Clothing,Skirt,UPI,,
B-25751,27-03-2018,68,-56,2,Electronics,Phones,COD,,
B-25814,13-01-2018,462,169,4,Clothing,Saree,COD,,
B-25702,07-02-2018,941,203,3,Furniture,Tables,UPI,,
B-25896,02-09-2018,23,4,2,Clothing,Skirt,COD,,
B-25969,15-05-2018,720,43,2,Electronics,Printers,UPI,,
B-25778,28-12-2018,724,-447,4,Electronics,Electronic Games,UPI,,
B-25859,27-11-2018,724,253,2,Furniture,Bookcases,UPI,,
B-25810,12-01-2018,26,10,4,Clothing,Hankerchief,UPI,,
B-25616,16-03-2018,22,-2,3,Clothing,Hankerchief,COD,,
B-25633,24-03-2018,711,-8,4,Clothing,Saree,Debit Card,,
B-25753,20-07-2018,107,31,5,Clothing,T-shirt,COD,,
B-25764,24-04-2018,765,-153,2,Electronics,Phones,Debit Card,,
B-25864,28-05-2018,22,8,2,Clothing,Leggings,COD,,
B-25725,17-06-2018,26,-5,2,Clothing,Stole,UPI,,
B-25858,03-02-2018,22,8,3,Clothing,Hankerchief,COD,,
B-25817,29-08-2018,743,89,5,Electronics,Printers,UPI,,
B-25703,04-12-2018,22,-15,4,Clothing,Kurti,COD,,
B-25610,26-03-2018,781,594,6,Electronics,Printers,Debit Card,,
B-25652,13-09-2018,25,-2,5,Clothing,Hankerchief,UPI,,
B-25891,09-06-2018,25,2,2,Clothing,Hankerchief,UPI,,
B-25764,03-08-2018,119,43,5,Clothing,T-shirt,COD,,
B-25664,26-07-2018,785,52,2,Electronics,Phones,Debit Card,,
B-25645,04-05-2018,183,-66,5,Electronics,Phones,UPI,,
B-26008,24-02-2018,22,4,1,Clothing,Stole,COD,,
B-26061,25-06-2018,642,180,5,Clothing,Saree,COD,,
B-25781,14-02-2018,767,-353,5,Clothing,Trousers,COD,,
B-25999,29-06-2018,770,323,3,Electronics,Accessories,COD,,
B-25783,10-10-2018,21,-17,3,Clothing,Shirt,COD,,
B-25800,16-10-2018,21,-6,3,Clothing,Leggings,COD,,
B-26093,24-11-2018,492,187,2,Electronics,Accessories,UPI,,
B-25638,24-05-2018,816,-96,3,Electronics,Printers,Debit Card,,
B-26026,01-10-2018,25,2,3,Clothing,Kurti,Credit Card,,
B-25902,01-01-2018,802,120,7,Electronics,Accessories,COD,,
B-25968,17-02-2018,811,154,7,Electronics,Accessories,UPI,,
B-26099,16-03-2018,835,267,5,Electronics,Phones,Debit Card,,
B-25699,26-11-2018,21,-5,1,Electronics,Accessories,COD,,
B-26076,04-12-2018,450,-190,4,Furniture,Bookcases,COD,,
B-25793,16-10-2018,24,-1,4,Clothing,Skirt,Credit Card,,
B-25671,03-12-2018,832,0,3,Clothing,Trousers,UPI,,
B-26040,21-11-2018,833,93,3,Clothing,Trousers,UPI,,
B-26059,26-04-2018,20,6,1,Clothing,T-shirt,COD,,
B-25725,15-04-2018,23,-5,7,Clothing,Hankerchief,Credit Card,,
B-25855,23-01-2018,550,-242,5,Furniture,Furnishings,UPI,,
B-25738,05-10-2018,148,-91,2,Electronics,Phones,COD,,
B-25899,15-11-2018,846,9,2,Furniture,Chairs,Debit Card,,
B-25608,22-03-2018,856,385,6,Electronics,Printers,COD,,
B-25904,07-10-2018,871,131,2,Furniture,Bookcases,UPI,,
B-26056,29-07-2018,19,-18,4,Clothing,Kurti,COD,,
B-25669,24-11-2018,610,-66,2,Furniture,Tables,COD,,
B-25638,04-01-2018,880,97,8,Furniture,Furnishings,Debit Card,,
B-25953,17-12-2018,22,-8,4,Clothing,Hankerchief,Credit Card,,
B-25841,16-12-2018,22,11,2,Clothing,Skirt,Credit Card,,
B-26071,20-10-2018,21,4,3,Clothing,Hankerchief,Credit Card,,
B-25793,06-07-2018,18,1,3,Clothing,Hankerchief,COD,,
B-25813,15-11-2018,911,202,7,Furniture,Chairs,COD,,
B-26010,21-12-2018,18,2,3,Clothing,Hankerchief,COD,,
B-25825,05-03-2018,911,355,5,Electronics,Phones,Debit Card,,
B-25630,24-12-2018,143,-129,2,Electronics,Phones,COD,,
B-25986,24-06-2018,918,22,9,Electronics,Electronic Games,COD,,
B-25650,30-07-2018,925,-447,5,Electronics,Electronic Games,COD,,
B-26078,26-06-2018,17,8,2,Clothing,Skirt,COD,,
B-25890,27-03-2018,465,207,9,Clothing,Saree,COD,,
B-25691,23-03-2018,17,-9,3,Clothing,Stole,COD,,
B-25952,14-10-2018,935,114,4,Electronics,Electronic Games,UPI,,
B-25651,03-11-2018,16,-10,2,Clothing,T-shirt,COD,,
B-25955,12-02-2018,954,95,3,Electronics,Printers,UPI,,
B-25898,24-04-2018,915,-99,3,Furniture,Tables,Debit Card,,
B-25838,06-04-2018,955,305,3,Electronics,Printers,Debit Card,,
B-25797,10-08-2018,976,293,4,Electronics,Accessories,COD,,
B-25738,08-02-2018,1069,0,6,Clothing,Saree,EMI,,
B-25661,03-11-2018,19,-15,3,Clothing,Hankerchief,Credit Card,,
B-25997,19-11-2018,16,6,3,Clothing,Hankerchief,COD,,
B-25667,16-03-2018,1030,206,8,Electronics,Printers,UPI,,
B-25753,15-11-2018,620,82,6,Electronics,Accessories,COD,,
B-25848,25-02-2018,16,8,2,Clothing,Hankerchief,COD,,
B-26097,20-12-2018,19,8,2,Clothing,Hankerchief,Credit Card,,
B-25633,27-03-2018,249,-130,4,Electronics,Phones,UPI,,
B-25807,31-01-2018,16,6,1,Clothing,Stole,COD,,
B-25752,11-12-2018,1361,197,9,Furniture,Bookcases,COD,,
B-26052,14-02-2018,15,1,1,Clothing,Shirt,COD,,
B-25610,30-04-2018,1076,-38,4,Electronics,Printers,COD,,
B-25888,04-06-2018,18,2,3,Clothing,Hankerchief,Credit Card,,
B-25937,18-07-2018,1101,352,3,Furniture,Bookcases,UPI,,
B-25828,05-04-2018,15,2,1,Clothing,Leggings,COD,,
B-26048,24-09-2018,1104,209,4,Clothing,Trousers,UPI,,
B-25670,04-06-2018,14,2,1,Clothing,Hankerchief,COD,,
B-25757,04-01-2018,14,5,1,Clothing,Hankerchief,COD,,
B-25751,04-01-2018,14,-3,2,Clothing,Leggings,COD,,
B-25687,02-02-2018,14,-1,4,Clothing,Kurti,COD,,
B-25710,15-04-2018,13,-8,1,Clothing,T-shirt,COD,,
B-25656,22-02-2018,13,-1,3,Clothing,Hankerchief,COD,,
B-25601,01-10-2018,1275,1148,7,Furniture,Bookcases,EMI,,
B-26053,29-10-2018,17,1,2,Clothing,Skirt,Credit Card,,
B-26001,22-03-2018,13,0,2,Clothing,Hankerchief,COD,,
B-25964,05-01-2018,1270,546,11,Electronics,Electronic Games,EMI,,
B-26062,05-01-2018,13,-2,1,Clothing,Stole,COD,,
B-25982,11-07-2018,13,3,1,Clothing,Leggings,COD,,
B-25864,03-08-2018,17,5,1,Clothing,Hankerchief,UPI,,
B-25693,27-08-2018,13,-13,2,Clothing,Skirt,COD,,
B-25802,22-11-2018,13,-9,2,Clothing,Skirt,COD,,
B-25676,24-11-2018,1263,-56,5,Clothing,Trousers,EMI,,
B-25639,30-12-2018,1629,-153,3,Electronics,Phones,COD,,
B-25757,21-03-2018,17,7,3,Clothing,Hankerchief,UPI,,
B-26003,23-04-2018,17,2,2,Clothing,Skirt,UPI,,
B-26055,06-01-2018,1250,-12,2,Electronics,Printers,EMI,,
B-25786,04-03-2018,17,-11,3,Clothing,Skirt,UPI,,
B-25919,17-03-2018,977,-244,7,Electronics,Phones,COD,,
B-25894,20-02-2018,1246,62,3,Furniture,Bookcases,EMI,,
B-25979,19-01-2018,12,1,2,Clothing,Hankerchief,COD,,
B-25651,26-12-2018,11,-4,2,Clothing,Skirt,COD,,
B-25653,16-11-2018,1327,318,8,Furniture,Chairs,EMI,,
B-25855,06-04-2018,1319,567,5,Electronics,Printers,COD,,
B-25793,08-09-2018,1402,109,11,Clothing,Saree,EMI,,
B-26073,04-02-2018,1514,742,4,Electronics,Printers,EMI,,
B-25881,15-03-2018,1351,111,6,Electronics,Electronic Games,COD,,
B-25603,17-07-2018,1355,-60,5,Clothing,Trousers,COD,,
B-25851,09-09-2018,10,2,2,Clothing,Hankerchief,COD,,
B-25883,22-02-2018,10,-2,2,Clothing,Leggings,COD,,
B-25768,30-06-2018,1582,-443,6,Clothing,Trousers,EMI,,
B-25953,24-04-2018,1218,352,9,Furniture,Bookcases,EMI,,
B-25755,28-07-2018,321,315,5,Clothing,Saree,UPI,,
B-26057,03-05-2018,736,346,5,Electronics,Printers,COD,,
B-26055,23-09-2018,1218,-420,8,Furniture,Bookcases,COD,,
B-25855,01-07-2018,1027,441,8,Clothing,Saree,COD,,
B-25989,15-12-2018,10,5,1,Clothing,Stole,COD,,
B-26099,07-09-2018,2366,552,5,Clothing,Trousers,UPI,,
B-25652,28-02-2018,9,-6,2,Clothing,Hankerchief,COD,,
B-25723,10-10-2018,16,-12,2,Clothing,Stole,UPI,,
B-26099,18-10-2018,9,3,1,Clothing,Skirt,COD,,
B-25629,21-03-2018,1560,421,3,Clothing,Trousers,COD,,
B-25877,15-09-2018,1137,568,2,Clothing,Trousers,EMI,,
B-25767,04-03-2018,9,-9,2,Clothing,Kurti,COD,,
B-25735,15-06-2018,15,-7,1,Clothing,Hankerchief,UPI,,
B-26097,01-07-2018,14,5,1,Clothing,Hankerchief,UPI,,
B-26070,31-07-2018,14,7,2,Clothing,Hankerchief,UPI,,
B-25752,15-07-2018,8,-2,2,Clothing,Hankerchief,COD,,
B-25656,11-12-2018,1389,680,7,Clothing,Saree,COD,,
B-25748,12-07-2018,8,-1,2,Clothing,Leggings,COD,,
B-25758,13-02-2018,8,-2,1,Clothing,Stole,COD,,
B-25950,02-03-2018,13,4,1,Clothing,Leggings,UPI,,
B-25707,05-05-2018,8,-6,1,Clothing,Stole,COD,,
B-25909,14-05-2018,12,2,2,Clothing,Skirt,Credit Card,,
B-25955,28-05-2018,1716,309,7,Electronics,Accessories,COD,,
B-26023,22-04-2018,1117,447,10,Furniture,Bookcases,EMI,,
B-25655,28-11-2018,9,-6,2,Clothing,Skirt,Credit Card,,
B-25686,27-04-2018,332,503,3,Electronics,Printers,COD,,
B-25655,01-11-2018,7,-4,3,Clothing,Hankerchief,COD,,
B-25601,27-01-2018,8,-2,3,Clothing,Hankerchief,Credit Card,,
B-25862,13-02-2018,2061,701,5,Furniture,Bookcases,UPI,,
B-25626,20-02-2018,1103,276,3,Furniture,Chairs,EMI,,
B-25823,19-03-2018,2103,322,8,Electronics,Electronic Games,UPI,,
B-25881,01-05-2018,2115,23,5,Furniture,Chairs,COD,,
B-25910,02-06-2018,850,-289,5,Electronics,Electronic Games,COD,,
B-25830,23-08-2018,1063,64,7,Electronics,Phones,EMI,,
B-25978,12-03-2018,1063,-175,4,Electronics,Electronic Games,EMI,,
B-25997,25-04-2018,2292,127,7,Furniture,Bookcases,COD,,
B-25661,22-03-2018,7,-1,2,Clothing,Hankerchief,Credit Card,,
B-25969,28-05-2018,2452,191,7,Furniture,Bookcases,UPI,,
B-25858,21-01-2018,2457,665,11,Electronics,Electronic Games,EMI,,
B-25697,27-07-2018,4,-3,1,Clothing,Skirt,Credit Card,,
B-25798,29-10-2018,2830,-1981,13,Furniture,Bookcases,EMI,,
B-25873,15-09-2018,7,1,1,Clothing,Hankerchief,COD,,
B-25740,29-01-2018,7,0,2,Clothing,Skirt,COD,,
B-25700,21-09-2018,7,-3,2,Clothing,Hankerchief,COD,,
B-25757,03-08-2018,3151,-35,7,Clothing,Trousers,EMI,,
B-25973,26-03-2018,4141,1698,13,Electronics,Printers,COD,,
B-25698,01-07-2018,7,-2,1,Clothing,Hankerchief,COD,,
B-25993,22-08-2018,4363,305,5,Furniture,Tables,EMI,,
,,,,,,,,,
,,,,,,,,,
,,,,,,,,,
,,,,,,,,,
,,,,,,,,,
,,,,,,,,,
,,,,,,,,,
,,,,,,,,,
,,,,,,,,,
,,,,,,,,,
,,,,,,,,,
,,,,,,,,,
,,,,,,,,,
,,,,,,,,,
,,,,,,,,,
,,,,,,,,,
,,,,,,,,,
,,,,,,,,,
,,,,,,,,,
,,,,,,,,,
,,,,,,,,,
,,,,,,,,,
,,,,,,,,,
,,,,,,,,,
,,,,,,,,,
,,,,,,,,,
,,,,,,,,,
,,,,,,,,,
,,,,,,,,,
,,,,,,,,,
,,,,,,,,,
,,,,,,,,,
,,,,,,,,,
,,,,,,,,,
,,,,,,,,,
,,,,,,,,,
,,,,,,,,,
,,,,,,,,,
,,,,,,,,,
,,,,,,,,,
,,,,,,,,,
,,,,,,,,,
,,,,,,,,,
,,,,,,,,,
,,,,,,,,,
,,,,,,,,,
,,,,,,,,,
,,,,,,,,,
,,,,,,,,,
,,,,,,,,,
,,,,,,,,,
,,,,,,,,,
,,,,,,,,,
,,,,,,,,,
,,,,,,,,,
,,,,,,,,,
,,,,,,,,,
,,,,,,,,,
,,,,,,,,,
,,,,,,,,,
,,,,,,,,,
,,,,,,,,,
,,,,,,,,,
,,,,,,,,,
,,,,,,,,,
,,,,,,,,,
,,,,,,,,,
,,,,,,,,,
,,,,,,,,,
,,,,,,,,,
,,,,,,,,,
,,,,,,,,,
,,,,,,,,,
,,,,,,,,,
,,,,,,,,,
,,,,,,,,,
,,,,,,,,,
,,,,,,,,,
,,,,,,,,,
,,,,,,,,,
,,,,,,,,,
,,,,,,,,,
,,,,,,,,,
,,,,,,,,,
,,,,,,,,,
,,,,,,,,,
,,,,,,,,,
,,,,,,,,,
,,,,,,,,,
,,,,,,,,,
,,,,,,,,,
,,,,,,,,,
,,,,,,,,,
,,,,,,,,,
,,,,,,,,,
,,,,,,,,,
,,,,,,,,,
,,,,,,,,,
,,,,,,,,,
,,,,,,,,,
,,,,,,,,,
,,,,,,,,,
,,,,,,,,,
,,,,,,,,,
,,,,,,,,,
,,,,,,,,,
,,,,,,,,,
,,,,,,,,,
,,,,,,,,,
,,,,,,,,,
,,,,,,,,,
,,,,,,,,,
,,,,,,,,,
,,,,,,,,,
,,,,,,,,,
,,,,,,,,,
,,,,,,,,,
,,,,,,,,,
,,,,,,,,,
,,,,,,,,,
,,,,,,,,,
,,,,,,,,,
,,,,,,,,,
,,,,,,,,,
,,,,,,,,,
,,,,,,,,,
,,,,,,,,,
,,,,,,,,,
,,,,,,,,,
,,,,,,,,,
,,,,,,,,,
,,,,,,,,,
,,,,,,,,,
,,,,,,,,,
,,,,,,,,,
,,,,,,,,,
,,,,,,,,,
,,,,,,,,,
,,,,,,,,,
,,,,,,,,,
,,,,,,,,,
,,,,,,,,,
,,,,,,,,,
,,,,,,,,,
,,,,,,,,,
,,,,,,,,,
,,,,,,,,,
,,,,,,,,,
,,,,,,,,,
,,,,,,,,,
,,,,,,,,,
,,,,,,,,,
,,,,,,,,,
,,,,,,,,,
,,,,,,,,,
,,,,,,,,,
,,,,,,,,,
,,,,,,,,,
,,,,,,,,,
,,,,,,,,,
,,,,,,,,,
,,,,,,,,,
,,,,,,,,,
,,,,,,,,,
,,,,,,,,,
,,,,,,,,,
,,,,,,,,,
,,,,,,,,,
,,,,,,,,,
,,,,,,,,,
,,,,,,,,,
,,,,,,,,,
,,,,,,,,,
,,,,,,,,,
,,,,,,,,,
,,,,,,,,,
,,,,,,,,,
,,,,,,,,,
,,,,,,,,,
,,,,,,,,,
,,,,,,,,,
,,,,,,,,,
,,,,,,,,,
,,,,,,,,,
,,,,,,,,,
,,,,,,,,,
,,,,,,,,,
,,,,,,,,,
,,,,,,,,,
,,,,,,,,,
,,,,,,,,,
,,,,,,,,,
,,,,,,,,,
,,,,,,,,,
,,,,,,,,,
,,,,,,,,,
,,,,,,,,,
,,,,,,,,,
,,,,,,,,,
,,,,,,,,,
,,,,,,,,,
,,,,,,,,,
,,,,,,,,,
,,,,,,,,,
,,,,,,,,,
,,,,,,,,,
,,,,,,,,,
,,,,,,,,,
,,,,,,,,,
,,,,,,,,,
,,,,,,,,,
,,,,,,,,,
,,,,,,,,,
,,,,,,,,,
,,,,,,,,,
,,,,,,,,,
,,,,,,,,,
,,,,,,,,,
,,,,,,,,,
,,,,,,,,,
,,,,,,,,,
,,,,,,,,,
,,,,,,,,,
,,,,,,,,,
,,,,,,,,,
,,,,,,,,,
,,,,,,,,,
,,,,,,,,,
,,,,,,,,,
,,,,,,,,,
,,,,,,,,,
,,,,,,,,,
,,,,,,,,,
,,,,,,,,,
,,,,,,,,,
,,,,,,,,,
,,,,,,,,,
,,,,,,,,,
,,,,,,,,,
,,,,,,,,,
,,,,,,,,,
,,,,,,,,,
,,,,,,,,,
,,,,,,,,,
,,,,,,,,,
,,,,,,,,,
,,,,,,,,,
,,,,,,,,,
,,,,,,,,,
,,,,,,,,,
,,,,,,,,,
,,,,,,,,,
,,,,,,,,,
,,,,,,,,,
,,,,,,,,,
,,,,,,,,,
,,,,,,,,,
,,,,,,,,,
,,,,,,,,,
,,,,,,,,,
,,,,,,,,,
,,,,,,,,,
,,,,,,,,,
,,,,,,,,,
,,,,,,,,,
,,,,,,,,,
,,,,,,,,,
,,,,,,,,,
,,,,,,,,,
,,,,,,,,,
,,,,,,,,,
,,,,,,,,,
,,,,,,,,,
,,,,,,,,,
,,,,,,,,,
,,,,,,,,,
,,,,,,,,,
,,,,,,,,,
,,,,,,,,,
,,,,,,,,,
,,,,,,,,,
,,,,,,,,,
,,,,,,,,,
,,,,,,,,,
,,,,,,,,,
,,,,,,,,,
,,,,,,,,,
,,,,,,,,,
,,,,,,,,,
,,,,,,,,,
,,,,,,,,,
,,,,,,,,,
,,,,,,,,,
,,,,,,,,,
,,,,,,,,,
,,,,,,,,,
,,,,,,,,,
,,,,,,,,,
,,,,,,,,,
,,,,,,,,,
,,,,,,,,,
,,,,,,,,,
,,,,,,,,,
,,,,,,,,,
,,,,,,,,,
,,,,,,,,,
,,,,,,,,,
,,,,,,,,,
,,,,,,,,,
,,,,,,,,,
,,,,,,,,,
,,,,,,,,,
,,,,,,,,,
,,,,,,,,,
,,,,,,,,,
,,,,,,,,,
,,,,,,,,,
,,,,,,,,,
,,,,,,,,,
,,,,,,,,,
,,,,,,,,,
,,,,,,,,,
,,,,,,,,,
,,,,,,,,,
,,,,,,,,,
,,,,,,,,,
,,,,,,,,,
,,,,,,,,,
,,,,,,,,,
,,,,,,,,,
,,,,,,,,,
,,,,,,,,,
,,,,,,,,,
,,,,,,,,,
,,,,,,,,,
,,,,,,,,,
,,,,,,,,,
,,,,,,,,,
,,,,,,,,,
,,,,,,,,,
,,,,,,,,,
,,,,,,,,,
,,,,,,,,,
,,,,,,,,,
,,,,,,,,,
,,,,,,,,,
,,,,,,,,,
,,,,,,,,,
,,,,,,,,,
,,,,,,,,,
,,,,,,,,,
,,,,,,,,,
,,,,,,,,,
,,,,,,,,,
,,,,,,,,,
,,,,,,,,,
,,,,,,,,,
,,,,,,,,,
,,,,,,,,,
,,,,,,,,,
,,,,,,,,,
,,,,,,,,,
,,,,,,,,,
,,,,,,,,,
,,,,,,,,,
,,,,,,,,,
,,,,,,,,,
,,,,,,,,,
,,,,,,,,,
,,,,,,,,,
,,,,,,,,,
,,,,,,,,,
,,,,,,,,,
,,,,,,,,,
,,,,,,,,,
,,,,,,,,,
,,,,,,,,,
,,,,,,,,,
,,,,,,,,,
,,,,,,,,,
,,,,,,,,,
,,,,,,,,,
,,,,,,,,,
,,,,,,,,,
,,,,,,,,,
,,,,,,,,,
,,,,,,,,,
,,,,,,,,,
,,,,,,,,,
,,,,,,,,,
,,,,,,,,,
,,,,,,,,,
,,,,,,,,,
,,,,,,,,,
,,,,,,,,,
,,,,,,,,,
,,,,,,,,,
,,,,,,,,,
,,,,,,,,,
,,,,,,,,,
,,,,,,,,,
,,,,,,,,,
,,,,,,,,,
,,,,,,,,,
,,,,,,,,,
,,,,,,,,,
,,,,,,,,,
,,,,,,,,,
,,,,,,,,,
,,,,,,,,,
,,,,,,,,,
,,,,,,,,,
,,,,,,,,,
,,,,,,,,,
,,,,,,,,,
,,,,,,,,,
,,,,,,,,,
,,,,,,,,,
,,,,,,,,,
,,,,,,,,,
,,,,,,,,,
,,,,,,,,,
,,,,,,,,,
,,,,,,,,,
,,,,,,,,,
,,,,,,,,,
,,,,,,,,,
,,,,,,,,,
,,,,,,,,,
,,,,,,,,,
,,,,,,,,,
,,,,,,,,,
,,,,,,,,,
,,,,,,,,,
,,,,,,,,,
,,,,,,,,,
,,,,,,,,,
,,,,,,,,,
,,,,,,,,,
,,,,,,,,,
,,,,,,,,,
,,,,,,,,,
,,,,,,,,,
,,,,,,,,,
,,,,,,,,,
,,,,,,,,,
,,,,,,,,,
,,,,,,,,,
,,,,,,,,,
,,,,,,,,,
,,,,,,,,,
,,,,,,,,,
,,,,,,,,,
,,,,,,,,,
,,,,,,,,,
,,,,,,,,,
,,,,,,,,,
,,,,,,,,,
,,,,,,,,,
,,,,,,,,,
,,,,,,,,,
,,,,,,,,,
,,,,,,,,,
,,,,,,,,,
,,,,,,,,,
,,,,,,,,,
,,,,,,,,,
,,,,,,,,,
,,,,,,,,,
,,,,,,,,,
,,,,,,,,,
,,,,,,,,,
,,,,,,,,,
,,,,,,,,,
,,,,,,,,,
,,,,,,,,,
,,,,,,,,,
,,,,,,,,,
,,,,,,,,,
,,,,,,,,,
,,,,,,,,,
,,,,,,,,,
,,,,,,,,,
,,,,,,,,,
,,,,,,,,,
,,,,,,,,,
,,,,,,,,,
,,,,,,,,,
,,,,,,,,,
,,,,,,,,,
,,,,,,,,,
,,,,,,,,,
,,,,,,,,,
,,,,,,,,,
,,,,,,,,,
,,,,,,,,,
,,,,,,,,,
,,,,,,,,,
,,,,,,,,,
,,,,,,,,,
,,,,,,,,,
,,,,,,,,,
,,,,,,,,,
,,,,,,,,,
,,,,,,,,,
,,,,,,,,,
,,,,,,,,,
,,,,,,,,,
,,,,,,,,,
,,,,,,,,,
,,,,,,,,,
,,,,,,,,,
,,,,,,,,,
,,,,,,,,,
,,,,,,,,,
,,,,,,,,,
,,,,,,,,,
,,,,,,,,,
,,,,,,,,,
,,,,,,,,,
,,,,,,,,,
,,,,,,,,,
,,,,,,,,,
,,,,,,,,,
,,,,,,,,,
,,,,,,,,,
,,,,,,,,,
,,,,,,,,,
,,,,,,,,,
,,,,,,,,,
,,,,,,,,,
,,,,,,,,,
,,,,,,,,,
,,,,,,,,,
,,,,,,,,,
,,,,,,,,,
,,,,,,,,,
,,,,,,,,,
,,,,,,,,,
,,,,,,,,,
,,,,,,,,,
,,,,,,,,,
,,,,,,,,,
,,,,,,,,,
,,,,,,,,,
,,,,,,,,,
,,,,,,,,,
,,,,,,,,,
,,,,,,,,,
,,,,,,,,,
,,,,,,,,,
,,,,,,,,,
,,,,,,,,,
,,,,,,,,,
,,,,,,,,,
,,,,,,,,,
,,,,,,,,,
,,,,,,,,,
,,,,,,,,,
,,,,,,,,,
,,,,,,,,,
,,,,,,,,,
,,,,,,,,,
,,,,,,,,,
,,,,,,,,,
,,,,,,,,,
,,,,,,,,,
,,,,,,,,,
,,,,,,,,,
,,,,,,,,,
,,,,,,,,,
,,,,,,,,,
,,,,,,,,,
,,,,,,,,,
,,,,,,,,,
,,,,,,,,,
,,,,,,,,,
,,,,,,,,,
,,,,,,,,,
,,,,,,,,,
,,,,,,,,,
,,,,,,,,,
,,,,,,,,,
,,,,,,,,,
,,,,,,,,,
,,,,,,,,,
,,,,,,,,,
,,,,,,,,,
,,,,,,,,,
,,,,,,,,,
,,,,,,,,,
,,,,,,,,,
,,,,,,,,,
,,,,,,,,,
,,,,,,,,,
,,,,,,,,,
,,,,,,,,,
,,,,,,,,,
,,,,,,,,,
,,,,,,,,,
,,,,,,,,,
,,,,,,,,,
,,,,,,,,,
,,,,,,,,,
,,,,,,,,,
,,,,,,,,,
,,,,,,,,,
,,,,,,,,,
,,,,,,,,,
,,,,,,,,,
,,,,,,,,,
,,,,,,,,,
,,,,,,,,,
,,,,,,,,,
,,,,,,,,,
,,,,,,,,,
,,,,,,,,,
,,,,,,,,,
,,,,,,,,,
,,,,,,,,,
,,,,,,,,,
,,,,,,,,,
,,,,,,,,,
,,,,,,,,,
,,,,,,,,,
,,,,,,,,,
,,,,,,,,,
,,,,,,,,,
,,,,,,,,,
,,,,,,,,,
,,,,,,,,,
,,,,,,,,,
,,,,,,,,,
,,,,,,,,,
,,,,,,,,,
,,,,,,,,,
,,,,,,,,,
,,,,,,,,,
,,,,,,,,,
,,,,,,,,,
,,,,,,,,,
,,,,,,,,,
,,,,,,,,,
,,,,,,,,,
,,,,,,,,,
,,,,,,,,,
,,,,,,,,,
,,,,,,,,,
,,,,,,,,,
,,,,,,,,,
,,,,,,,,,
,,,,,,,,,
,,,,,,,,,
,,,,,,,,,
,,,,,,,,,
,,,,,,,,,
,,,,,,,,,
,,,,,,,,,
,,,,,,,,,
,,,,,,,,,
,,,,,,,,,
,,,,,,,,,
,,,,,,,,,
,,,,,,,,,
,,,,,,,,,
,,,,,,,,,
,,,,,,,,,
,,,,,,,,,
,,,,,,,,,
,,,,,,,,,
,,,,,,,,,
,,,,,,,,,
,,,,,,,,,
,,,,,,,,,
,,,,,,,,,
,,,,,,,,,
,,,,,,,,,
,,,,,,,,,
,,,,,,,,,
,,,,,,,,,
,,,,,,,,,
,,,,,,,,,
,,,,,,,,,
,,,,,,,,,
,,,,,,,,,
,,,,,,,,,
,,,,,,,,,
,,,,,,,,,
,,,,,,,,,
,,,,,,,,,
,,,,,,,,,
,,,,,,,,,
,,,,,,,,,
,,,,,,,,,
,,,,,,,,,
,,,,,,,,,
,,,,,,,,,
,,,,,,,,,
,,,,,,,,,
,,,,,,,,,
,,,,,,,,,
,,,,,,,,,
,,,,,,,,,
,,,,,,,,,
,,,,,,,,,
,,,,,,,,,
,,,,,,,,,
,,,,,,,,,
,,,,,,,,,
,,,,,,,,,
,,,,,,,,,
,,,,,,,,,
,,,,,,,,,
,,,,,,,,,
,,,,,,,,,
,,,,,,,,,
,,,,,,,,,
,,,,,,,,,
,,,,,,,,,
,,,,,,,,,
,,,,,,,,,
,,,,,,,,,
,,,,,,,,,
,,,,,,,,,
,,,,,,,,,
,,,,,,,,,
,,,,,,,,,
,,,,,,,,,
,,,,,,,,,
,,,,,,,,,
,,,,,,,,,
,,,,,,,,,
,,,,,,,,,
,,,,,,,,,
,,,,,,,,,
,,,,,,,,,
,,,,,,,,,
,,,,,,,,,
,,,,,,,,,
,,,,,,,,,
,,,,,,,,,
,,,,,,,,,
,,,,,,,,,
,,,,,,,,,
,,,,,,,,,
,,,,,,,,,
,,,,,,,,,
,,,,,,,,,
,,,,,,,,,
,,,,,,,,,
,,,,,,,,,
,,,,,,,,,
,,,,,,,,,
,,,,,,,,,
,,,,,,,,,
,,,,,,,,,
,,,,,,,,,
,,,,,,,,,
,,,,,,,,,
,,,,,,,,,
,,,,,,,,,
,,,,,,,,,
,,,,,,,,,
,,,,,,,,,
,,,,,,,,,
,,,,,,,,,
,,,,,,,,,
,,,,,,,,,
,,,,,,,,,
,,,,,,,,,
,,,,,,,,,
,,,,,,,,,
,,,,,,,,,
,,,,,,,,,
,,,,,,,,,
,,,,,,,,,
,,,,,,,,,
,,,,,,,,,
,,,,,,,,,
,,,,,,,,,
,,,,,,,,,
,,,,,,,,,
,,,,,,,,,
,,,,,,,,,
,,,,,,,,,
,,,,,,,,,
,,,,,,,,,
,,,,,,,,,
,,,,,,,,,
,,,,,,,,,
,,,,,,,,,
,,,,,,,,,
,,,,,,,,,
,,,,,,,,,
,,,,,,,,,
,,,,,,,,,
,,,,,,,,,
,,,,,,,,,
,,,,,,,,,
,,,,,,,,,
,,,,,,,,,
,,,,,,,,,
,,,,,,,,,
,,,,,,,,,
,,,,,,,,,
,,,,,,,,,
,,,,,,,,,
,,,,,,,,,
,,,,,,,,,
,,,,,,,,,
,,,,,,,,,
,,,,,,,,,
,,,,,,,,,
,,,,,,,,,
,,,,,,,,,
,,,,,,,,,
,,,,,,,,,
,,,,,,,,,
,,,,,,,,,
,,,,,,,,,
,,,,,,,,,
,,,,,,,,,
,,,,,,,,,
,,,,,,,,,
,,,,,,,,,
,,,,,,,,,
,,,,,,,,,
,,,,,,,,,
,,,,,,,,,
,,,,,,,,,
,,,,,,,,,
,,,,,,,,,
,,,,,,,,,
,,,,,,,,,
,,,,,,,,,
,,,,,,,,,
,,,,,,,,,
,,,,,,,,,
,,,,,,,,,
,,,,,,,,,
,,,,,,,,,
,,,,,,,,,
,,,,,,,,,
,,,,,,,,,
,,,,,,,,,
,,,,,,,,,
,,,,,,,,,
,,,,,,,,,
,,,,,,,,,
,,,,,,,,,
,,,,,,,,,
,,,,,,,,,
,,,,,,,,,
,,,,,,,,,
,,,,,,,,,
,,,,,,,,,
,,,,,,,,,
,,,,,,,,,
,,,,,,,,,
,,,,,,,,,
,,,,,,,,,
,,,,,,,,,
,,,,,,,,,
,,,,,,,,,
,,,,,,,,,
,,,,,,,,,
,,,,,,,,,
,,,,,,,,,
,,,,,,,,,
,,,,,,,,,
,,,,,,,,,
,,,,,,,,,
,,,,,,,,,
,,,,,,,,,
,,,,,,,,,
,,,,,,,,,
,,,,,,,,,
,,,,,,,,,
,,,,,,,,,
,,,,,,,,,
,,,,,,,,,
,,,,,,,,,
,,,,,,,,,
,,,,,,,,,
,,,,,,,,,
,,,,,,,,,
,,,,,,,,,
,,,,,,,,,
,,,,,,,,,
,,,,,,,,,
,,,,,,,,,
,,,,,,,,,
,,,,,,,,,
,,,,,,,,,
,,,,,,,,,
,,,,,,,,,
,,,,,,,,,
,,,,,,,,,
,,,,,,,,,
,,,,,,,,,
,,,,,,,,,
,,,,,,,,,
,,,,,,,,,
,,,,,,,,,
,,,,,,,,,
,,,,,,,,,
,,,,,,,,,
,,,,,,,,,
,,,,,,,,,
,,,,,,,,,
,,,,,,,,,
,,,,,,,,,
,,,,,,,,,
,,,,,,,,,
,,,,,,,,,
,,,,,,,,,
,,,,,,,,,
,,,,,,,,,
,,,,,,,,,
,,,,,,,,,
,,,,,,,,,
,,,,,,,,,
,,,,,,,,,
,,,,,,,,,
,,,,,,,,,
,,,,,,,,,
,,,,,,,,,
,,,,,,,,,
,,,,,,,,,
,,,,,,,,,
,,,,,,,,,
,,,,,,,,,
,,,,,,,,,
,,,,,,,,,
,,,,,,,,,
,,,,,,,,,
,,,,,,,,,
,,,,,,,,,
,,,,,,,,,
,,,,,,,,,
,,,,,,,,,
,,,,,,,,,
,,,,,,,,,
,,,,,,,,,
,,,,,,,,,
,,,,,,,,,
,,,,,,,,,
,,,,,,,,,
,,,,,,,,,
,,,,,,,,,
,,,,,,,,,
,,,,,,,,,
,,,,,,,,,
,,,,,,,,,
,,,,,,,,,
,,,,,,,,,
,,,,,,,,,
,,,,,,,,,
,,,,,,,,,
,,,,,,,,,
,,,,,,,,,
,,,,,,,,,
,,,,,,,,,
,,,,,,,,,
,,,,,,,,,
,,,,,,,,,
,,,,,,,,,
,,,,,,,,,
,,,,,,,,,
,,,,,,,,,
,,,,,,,,,
,,,,,,,,,
,,,,,,,,,
,,,,,,,,,
,,,,,,,,,
,,,,,,,,,
,,,,,,,,,
,,,,,,,,,
,,,,,,,,,
,,,,,,,,,
,,,,,,,,,
,,,,,,,,,
,,,,,,,,,
,,,,,,,,,
,,,,,,,,,
,,,,,,,,,
,,,,,,,,,
,,,,,,,,,
,,,,,,,,,
,,,,,,,,,
,,,,,,,,,
,,,,,,,,,
,,,,,,,,,
,,,,,,,,,
,,,,,,,,,
,,,,,,,,,
,,,,,,,,,
,,,,,,,,,
,,,,,,,,,
,,,,,,,,,
,,,,,,,,,
,,,,,,,,,
,,,,,,,,,
,,,,,,,,,
,,,,,,,,,
,,,,,,,,,
,,,,,,,,,
,,,,,,,,,
,,,,,,,,,
,,,,,,,,,
,,,,,,,,,
,,,,,,,,,
,,,,,,,,,
,,,,,,,,,
,,,,,,,,,
,,,,,,,,,
,,,,,,,,,
,,,,,,,,,
,,,,,,,,,
,,,,,,,,,
,,,,,,,,,
,,,,,,,,,
,,,,,,,,,
,,,,,,,,,
,,,,,,,,,
,,,,,,,,,
,,,,,,,,,
,,,,,,,,,
,,,,,,,,,
,,,,,,,,,
,,,,,,,,,
,,,,,,,,,
,,,,,,,,,
,,,,,,,,,
,,,,,,,,,
,,,,,,,,,
,,,,,,,,,
,,,,,,,,,
,,,,,,,,,
,,,,,,,,,
,,,,,,,,,
,,,,,,,,,
,,,,,,,,,
,,,,,,,,,
,,,,,,,,,
,,,,,,,,,
,,,,,,,,,
,,,,,,,,,
,,,,,,,,,
,,,,,,,,,
,,,,,,,,,
,,,,,,,,,
,,,,,,,,,
,,,,,,,,,
,,,,,,,,,
,,,,,,,,,
,,,,,,,,,
,,,,,,,,,
,,,,,,,,,
,,,,,,,,,
,,,,,,,,,
,,,,,,,,,
,,,,,,,,,
,,,,,,,,,
,,,,,,,,,
,,,,,,,,,
,,,,,,,,,
,,,,,,,,,
,,,,,,,,,
,,,,,,,,,
,,,,,,,,,
,,,,,,,,,
,,,,,,,,,
,,,,,,,,,
,,,,,,,,,
,,,,,,,,,
,,,,,,,,,
,,,,,,,,,
,,,,,,,,,
,,,,,,,,,
,,,,,,,,,
,,,,,,,,,
,,,,,,,,,
,,,,,,,,,
,,,,,,,,,
,,,,,,,,,
,,,,,,,,,
,,,,,,,,,
,,,,,,,,,
,,,,,,,,,
,,,,,,,,,
,,,,,,,,,
,,,,,,,,,
,,,,,,,,,
,,,,,,,,,
,,,,,,,,,
,,,,,,,,,
,,,,,,,,,
,,,,,,,,,
,,,,,,,,,
,,,,,,,,,
,,,,,,,,,
,,,,,,,,,
,,,,,,,,,
,,,,,,,,,
,,,,,,,,,
,,,,,,,,,
,,,,,,,,,
,,,,,,,,,
,,,,,,,,,
,,,,,,,,,
,,,,,,,,,
,,,,,,,,,
,,,,,,,,,
,,,,,,,,,
,,,,,,,,,
,,,,,,,,,
,,,,,,,,,
,,,,,,,,,
,,,,,,,,,
,,,,,,,,,
,,,,,,,,,
,,,,,,,,,
,,,,,,,,,
,,,,,,,,,
,,,,,,,,,
,,,,,,,,,
,,,,,,,,,
,,,,,,,,,
,,,,,,,,,
,,,,,,,,,
,,,,,,,,,
,,,,,,,,,
,,,,,,,,,
,,,,,,,,,
,,,,,,,,,
,,,,,,,,,
,,,,,,,,,
,,,,,,,,,
,,,,,,,,,
,,,,,,,,,
,,,,,,,,,
,,,,,,,,,
,,,,,,,,,
,,,,,,,,,
,,,,,,,,,
,,,,,,,,,
,,,,,,,,,
,,,,,,,,,
,,,,,,,,,
,,,,,,,,,
,,,,,,,,,
,,,,,,,,,
,,,,,,,,,
,,,,,,,,,
,,,,,,,,,
,,,,,,,,,
,,,,,,,,,
,,,,,,,,,
,,,,,,,,,
,,,,,,,,,
,,,,,,,,,
,,,,,,,,,
,,,,,,,,,
,,,,,,,,,
,,,,,,,,,
,,,,,,,,,
,,,,,,,,,
,,,,,,,,,
,,,,,,,,,
,,,,,,,,,
,,,,,,,,,
,,,,,,,,,
,,,,,,,,,
,,,,,,,,,
,,,,,,,,,
,,,,,,,,,
,,,,,,,,,
,,,,,,,,,
,,,,,,,,,
,,,,,,,,,
,,,,,,,,,
,,,,,,,,,
,,,,,,,,,
,,,,,,,,,
,,,,,,,,,
,,,,,,,,,
,,,,,,,,,
,,,,,,,,,
,,,,,,,,,
,,,,,,,,,
,,,,,,,,,
,,,,,,,,,
,,,,,,,,,
,,,,,,,,,
,,,,,,,,,
,,,,,,,,,
,,,,,,,,,
,,,,,,,,,
,,,,,,,,,
,,,,,,,,,
,,,,,,,,,
,,,,,,,,,
,,,,,,,,,
,,,,,,,,,
,,,,,,,,,
,,,,,,,,,
,,,,,,,,,
,,,,,,,,,
,,,,,,,,,
,,,,,,,,,
,,,,,,,,,
,,,,,,,,,
,,,,,,,,,
,,,,,,,,,
,,,,,,,,,
,,,,,,,,,
,,,,,,,,,
,,,,,,,,,
,,,,,,,,,
,,,,,,,,,
,,,,,,,,,
,,,,,,,,,
,,,,,,,,,
,,,,,,,,,
,,,,,,,,,
,,,,,,,,,
,,,,,,,,,
,,,,,,,,,
,,,,,,,,,
,,,,,,,,,
,,,,,,,,,
,,,,,,,,,
,,,,,,,,,
,,,,,,,,,
,,,,,,,,,
,,,,,,,,,
,,,,,,,,,
,,,,,,,,,
,,,,,,,,,
,,,,,,,,,
,,,,,,,,,
,,,,,,,,,
,,,,,,,,,
,,,,,,,,,
,,,,,,,,,
,,,,,,,,,
,,,,,,,,,
,,,,,,,,,
,,,,,,,,,
,,,,,,,,,
,,,,,,,,,
,,,,,,,,,
,,,,,,,,,
,,,,,,,,,
,,,,,,,,,
,,,,,,,,,
,,,,,,,,,
,,,,,,,,,
,,,,,,,,,
,,,,,,,,,
,,,,,,,,,
,,,,,,,,,
,,,,,,,,,
,,,,,,,,,
,,,,,,,,,
,,,,,,,,,
,,,,,,,,,
,,,,,,,,,
,,,,,,,,,
,,,,,,,,,
,,,,,,,,,
,,,,,,,,,
,,,,,,,,,
,,,,,,,,,
,,,,,,,,,
,,,,,,,,,
,,,,,,,,,
,,,,,,,,,
,,,,,,,,,
,,,,,,,,,
,,,,,,,,,
,,,,,,,,,
,,,,,,,,,
,,,,,,,,,
,,,,,,,,,
,,,,,,,,,
,,,,,,,,,
,,,,,,,,,
,,,,,,,,,
,,,,,,,,,
,,,,,,,,,
,,,,,,,,,
,,,,,,,,,
,,,,,,,,,
,,,,,,,,,
,,,,,,,,,
,,,,,,,,,
,,,,,,,,,
,,,,,,,,,
,,,,,,,,,
,,,,,,,,,
,,,,,,,,,
,,,,,,,,,
,,,,,,,,,
,,,,,,,,,
,,,,,,,,,
,,,,,,,,,
,,,,,,,,,
,,,,,,,,,
,,,,,,,,,
,,,,,,,,,
,,,,,,,,,
,,,,,,,,,
,,,,,,,,,
,,,,,,,,,
,,,,,,,,,
,,,,,,,,,
,,,,,,,,,
,,,,,,,,,
,,,,,,,,,
,,,,,,,,,
,,,,,,,,,
,,,,,,,,,
,,,,,,,,,
,,,,,,,,,
,,,,,,,,,
,,,,,,,,,
,,,,,,,,,
,,,,,,,,,
,,,,,,,,,
,,,,,,,,,
,,,,,,,,,
,,,,,,,,,
,,,,,,,,,
,,,,,,,,,
,,,,,,,,,
,,,,,,,,,
,,,,,,,,,
,,,,,,,,,
,,,,,,,,,
,,,,,,,,,
,,,,,,,,,
,,,,,,,,,
,,,,,,,,,
,,,,,,,,,
,,,,,,,,,
,,,,,,,,,
,,,,,,,,,
,,,,,,,,,
,,,,,,,,,
,,,,,,,,,
,,,,,,,,,
,,,,,,,,,
,,,,,,,,,
,,,,,,,,,
,,,,,,,,,
,,,,,,,,,
,,,,,,,,,
,,,,,,,,,
,,,,,,,,,
,,,,,,,,,
,,,,,,,,,
,,,,,,,,,
,,,,,,,,,
,,,,,,,,,
,,,,,,,,,
,,,,,,,,,
,,,,,,,,,
,,,,,,,,,
,,,,,,,,,
,,,,,,,,,
,,,,,,,,,
,,,,,,,,,
,,,,,,,,,
,,,,,,,,,
,,,,,,,,,
,,,,,,,,,
,,,,,,,,,
,,,,,,,,,
,,,,,,,,,
,,,,,,,,,
,,,,,,,,,
,,,,,,,,,
,,,,,,,,,
,,,,,,,,,
,,,,,,,,,
,,,,,,,,,
,,,,,,,,,
,,,,,,,,,
,,,,,,,,,
,,,,,,,,,
,,,,,,,,,
,,,,,,,,,
,,,,,,,,,
,,,,,,,,,
,,,,,,,,,
,,,,,,,,,
,,,,,,,,,
,,,,,,,,,
,,,,,,,,,
,,,,,,,,,
,,,,,,,,,
,,,,,,,,,
,,,,,,,,,
,,,,,,,,,
,,,,,,,,,
,,,,,,,,,
,,,,,,,,,
,,,,,,,,,
,,,,,,,,,
,,,,,,,,,
,,,,,,,,,
,,,,,,,,,
,,,,,,,,,
,,,,,,,,,
,,,,,,,,,
,,,,,,,,,
,,,,,,,,,
,,,,,,,,,
,,,,,,,,,
,,,,,,,,,
,,,,,,,,,
,,,,,,,,,
,,,,,,,,,
,,,,,,,,,
,,,,,,,,,
,,,,,,,,,
,,,,,,,,,
,,,,,,,,,
,,,,,,,,,
,,,,,,,,,
,,,,,,,,,
,,,,,,,,,
,,,,,,,,,
,,,,,,,,,
,,,,,,,,,
,,,,,,,,,
,,,,,,,,,
,,,,,,,,,
,,,,,,,,,
,,,,,,,,,
,,,,,,,,,
,,,,,,,,,
,,,,,,,,,
,,,,,,,,,
,,,,,,,,,
,,,,,,,,,
,,,,,,,,,
,,,,,,,,,
,,,,,,,,,
,,,,,,,,,
,,,,,,,,,
,,,,,,,,,
,,,,,,,,,
,,,,,,,,,
,,,,,,,,,
,,,,,,,,,
,,,,,,,,,
,,,,,,,,,
,,,,,,,,,
,,,,,,,,,
,,,,,,,,,
,,,,,,,,,
,,,,,,,,,
,,,,,,,,,
,,,,,,,,,
,,,,,,,,,
,,,,,,,,,
,,,,,,,,,
,,,,,,,,,
,,,,,,,,,
,,,,,,,,,
,,,,,,,,,
,,,,,,,,,
,,,,,,,,,
,,,,,,,,,
,,,,,,,,,
,,,,,,,,,
,,,,,,,,,
,,,,,,,,,
,,,,,,,,,
,,,,,,,,,
,,,,,,,,,
,,,,,,,,,
,,,,,,,,,
,,,,,,,,,
,,,,,,,,,
,,,,,,,,,
,,,,,,,,,
,,,,,,,,,
,,,,,,,,,
,,,,,,,,,
,,,,,,,,,
,,,,,,,,,
,,,,,,,,,
,,,,,,,,,
,,,,,,,,,
,,,,,,,,,
